"id","name"
"948","Star Trek V: The Final Frontier"
"fm1566","Pensacola: Wings of Gold"
"fm319","Bullet"
"fm2075","The incledible Hulk"
"412","Dr No"
"tt0111149","Shallow Grave"
"fm227","Becket"
"tt0110005","Heavenly Creatures"
"fm2171","The Road"
"fm1024","jappeloup"
"fm778","For Whom the Bell Tolls"
"687","The Man With the Golden Gun"
"fm1799","signs"
"506","Germinal"
"tt0087469","Indiana Jones and the Temple of Doom"
"fm1636","puerto escondido"
"tt0480025","This Is England"
"tt0268978","A Beautiful Mind"
"766","Pink Flamingos"
"fm1486","O Homem que Copiava"
"tt0146882","High Fidelity"
"tt0072431","Young Frankenstein"
"fm2278","TINTIN"
"fm560","Durval Discos"
"329","Class"
"fm1103","La deuda interna"
"fm1724","salt"
"tt2042568","Inside Llewyn Davis"
"1040","True Lies"
"tt0042546","Harvey"
"fm948","Hudson Hawk"
"fm2431","Winning"
"97","Amistad"
"603","The Killing of Sister George"
"fm1170","Las tres espadas del zorro (1963)"
"fm1879","Stoker"
"tt0436697","The Queen"
"tt0147612","Happiness"
"tt0026138","The Bride of Frankenstein"
"fm2356","Untouchables (Intocable)"
"214","Billion Dollar Brain"
"fm706","Entre fantasmas (Ghost whisperer)"
"fm138","America's Sweethearts"
"tt0317248","City of God"
"fm404","Citizen Ruth"
"fm1249","Los lunes al sol"
"tt0061512","Cool Hand Luke"
"fm1689","Revenge (I) (1990)"
"tt0032976","Rebecca"
"tt0050083","12 Angry Men"
"fm854","good son"
"tt0443543","The Illusionist"
"tt0988045","Sherlock Holmes"
"fm1326","mean girls"
"1121","X-Men: The Last Stand"
"fm635","El Patrullero"
"fm53","7 V?rgenes"
"248","Boudu Sauv? Des Eaux"
"170","Batman Forever"
"858","Safety last"
"17","A.W.O.L. (Lionheart)"
"fm466","Dagon"
"fm1958","The Beaver"
"tt0062622","2001: A Space Odyssey"
"fm405","city of angels"
"tt0327137","Secondhand Lions"
"fm1725","Salt"
"171","Batman Returns"
"fm1567","Perduto Amor"
"fm1415","My life in ruins (Mi vida en ruinas)"
"fm2174","the runner stumbles"
"tt1028532","Hachi: A Dog's Tale"
"859","The Saint"
"fm54","7th Cavalry (1956)"
"1122","X-Men ORIGINS: WOLVERINE"
"fm467","Damages (tv serie)"
"tt0250258","The Experiment"
"fm2281","To er mundo e g?eno"
"fm2439","Xmen 2"
"tt1515091","Sherlock Holmes: A Game of Shadows"
"fm1171","Lassie"
"fm142","American Pie 2"
"tt0118694","In the Mood for Love"
"tt0110148","Interview with the Vampire: The Vampire Chronicles"
"768","Pirates of the Caribbean: Dead Man?s Chest"
"fm2210","The Tall Men (1955)"
"860","St Elmo?s Fire"
"fm636","El penalti m?s largo del mundo"
"tt1242460","We Need to Talk About Kevin"
"949","Star Trek VI: The Undiscovered Country"
"fm779","For Your Eyes Only (007)"
"fm1638","Pulse"
"fm1880","Straight to hell"
"98","The Amityville Horror"
"1044","Twelve O'Clock High"
"tt0440963","The Bourne Ultimatum"
"tt0316654","Spider-Man 2"
"tt0381681","Before Sunset"
"fm1487","O Homem que Virou Suco"
"331","The Client"
"fm1250","Los ni?os salvajes"
"tt0373469","Kiss Kiss Bang Bang"
"fm2357","untraceable"
"fm1800","Sim?n Bol?var (1969)"
"fm950","Humraaz"
"604","Kind Hearts and Coronets"
"fm1328","meet joe black"
"tt0180093","Requiem for a Dream"
"tt0861739","Elite Squad"
"508","Get Shorty"
"fm859","Gosford Park"
"fm2077","The Informant !"
"fm1106","La Due?a de tu"
"tt0073341","The Man Who Would Be King"
"tt0264464","Catch Me If You Can"
"688","The Man Without a Face"
"421","Down And Out in Beverly Hills"
"tt0118842","Chasing Amy"
"fm561","E.T."
"fm321","Burn After Reading"
"18","The Abominable Dr Phibes"
"fm1962","the blair witch project"
"fm1025","Jarhead"
"tt0085995","National Lampoon's Vacation"
"fm230","Before the Devil Knows You're Dead"
"252","Bowfinger"
"fm707","Entre Lobos"
"1124","Xanadu"
"tt0432283","Fantastic Mr. Fox"
"fm472","Dans la maison"
"944","Stagecoach"
"19","About a Boy"
"335","Cloverfield"
"fm1802","Sin compromiso (No Strings Attached)"
"fm1026","Jarrapellejos"
"tt0118954","Deconstructing Harry"
"tt0086197","The Right Stuff"
"fm564","Easy A"
"tt0086190","Star Wars: Episode VI - Return of the Jedi"
"861","St Trinian?s"
"607","king Kong"
"fm2177","the scalphunters"
"172","La Battaglia Di Algeri (The Battle Of Algiers)"
"fm780","Ford: The Man and the Machine"
"423","Dracula AD 1972"
"tt0399146","A History of Violence"
"tt0780536","In Bruges"
"fm1558","Pat Garrett & Billy the Kid (1973)"
"fm1568","Perfect STorm"
"99","AmsterdamNed"
"tt0033870","The Maltese Falcon"
"tt0032599","His Girl Friday"
"fm637","el perfume"
"tt0112818","Dead Man Walking"
"tt0086425","Terms of Endearment"
"fm1726","salvador puig antich"
"fm1107","La Duquesa"
"fm951","Hush"
"1048","Twilight"
"fm1488","O Invasor"
"690","Manhattan Murder mystery"
"fm145","amici miei"
"tt0315733","21 Grams"
"fm2440","xxx"
"fm2358","uomini che odiano le donne"
"fm2282","To Rome With Love"
"950","Star Trek: Generations"
"tt0095250","The Big Blue"
"fm2079","The International"
"fm55","8 Citas"
"tt0059113","Doctor Zhivago"
"769","Pirates of the Caribbean: At World?s End"
"fm861","Gospel Hill"
"tt0327597","Coraline"
"fm1964","the blob"
"509","The Getaway"
"fm1882","Streets of Fire"
"fm1416","My life without me"
"fm1639","Purple Rose of Cairo"
"tt0454848","Inside Man"
"fm407","City Of The Lost Children"
"fm1331","men of the cave"
"fm1251","Los novios b?lgaros (2003)"
"fm708","Entre vivir y so?ar"
"fm322","bus 174"
"tt0140888","Central Station"
"253","The Boyfriend"
"tt0120338","Titanic"
"tt0078841","Being There"
"fm1173","last chance harvey"
"fm231","before the rain"
"100","Anaconda"
"fm2283","To the Ends of the Earth (2005 BBC mini-series)"
"608","King of the Khyber Rifles"
"tt0095497","The Last Temptation of Christ"
"fm1642","Qu? Les Pasa A Los Hombres"
"tt0206634","Children of Men"
"fm1418","My Super Ex-Girlfriend"
"336","Cocktail"
"691","Manhunter"
"tt0065214","The Wild Bunch"
"fm146","Amor bajo cero"
"1049","The Twilight Saga: New Moon"
"fm408","clash of the titans"
"fm565","Eat Pray Love"
"255","Boys Town"
"tt0367089","The Squid and the Whale"
"tt1371111","Cloud Atlas"
"tt0307901","25th Hour"
"tt0298228","Whale Rider"
"fm1332","mentiras y gordas"
"fm709","eragon"
"fm2441","XXY"
"fm1489","O Pioneers!"
"1125","XXX"
"fm57","9"
"fm1176","law man"
"tt0073195","Jaws"
"tt0119396","Jackie Brown"
"22","Abre los ojos (Open Your Eyes)"
"1025","Top Gun"
"fm862","gospel of john"
"fm781","Forget Paris"
"fm1252","los puentes de madison"
"173","The Battle of the Sexes"
"424","Drag Me To Hell"
"fm325","Bye Bye, Love"
"fm1108","La educaci?n de las hadas"
"tt0118789","Buffalo '66"
"tt0056869","The Birds"
"tt0352248","Cinderella Man"
"776","Point Blank"
"tt0401383","The Diving Bell and the Butterfly"
"fm1803","sin senos no hay paraiso"
"952","Star Trek: Insurrection"
"fm2178","The Scalphunters (1968"
"fm1028","Jaws II"
"fm952","I am Dina"
"fm233","before the sunset"
"fm1727","salvando al soldado perez"
"fm474","Dark Justice"
"862","Salaam Bombay"
"tt0120601","Being John Malkovich"
"tt0103074","Thelma & Louise"
"511","The Ghost and Mrs Muir"
"tt0105323","Scent of a Woman"
"fm638","El Perfume: The Story of a Murderer"
"tt1255953","Incendies"
"fm1883","Stripes"
"tt0265086","Black Hawk Down"
"fm1968","the border  1979"
"fm1569","Petit indi"
"fm2080","The Interpreter"
"fm2359","uomini contro"
"fm828","Geronimo (1962)"
"fm710","Erase una vez en Durango"
"fm953","I Am Legend"
"tt0065207","Where Eagles Dare"
"fm234","Being Human"
"tt0375063","Sideways"
"tt0371746","Iron Man"
"fm1180","Layla Fourie"
"fm782","Forgiveness"
"863","Sal? o Le 120 Giornate Di Sodoma    (Sal?, or the 120 Days of Sodom)"
"tt0117381","Primal Fear"
"609","The King?s speech"
"fm2284","To Wong Foo Thanks for Everything (Julie Newmar)"
"fm567","eden lake"
"fm1643","Que se mueran los feos"
"tt0467406","Juno"
"513","Ghostbusters 2"
"fm1490","O Principe"
"fm1884","Suave Patria"
"257","Brannigan"
"101","Analyze that"
"fm1257","Los se?ores del acero"
"693","Marnie"
"fm409","cleaner"
"fm1969","the border 1982"
"fm1423","M?n Som Hatar Kvinnor (Men Who Hate Women):Millenium 1"
"fm147","Amor Xtremo"
"fm59","A Cinderella Story"
"tt0086465","Trading Places"
"tt1315981","A Single Man"
"174","Bronenosets Potyomkin (Battleship Potemkin)"
"fm1109","La Fiel Infanteria"
"fm639","El poderoso influjo de la luna"
"fm2179","The scarlet letter a"
"tt1235166","A Prophet"
"tt0071230","Blazing Saddles"
"fm1333","Mentiroso compulsivo"
"1126","The Year My Voice Broke"
"fm2081","The Invention of Lying"
"tt0425637","Red Cliff"
"1050","Twin Peaks: Fire walk with me"
"tt0421082","Control"
"23","Absence of Malice"
"fm1728","salvar al soldado ryan"
"fm1098","La cosecha de mujeres (1981)"
"fm1030","jeele yeh pal"
"338","The Color of Money"
"fm863","Goya's Ghosts (2006)"
"fm1413","My Life in Ruins"
"425","Dragonheart"
"tt0256009","The Devil's Backbone"
"tt0425210","Lucky Number Slevin"
"953","Star Trek: Nemesis"
"fm327","C'era una volta il West"
"tt0040746","Rope"
"tt0118884","Contact"
"fm1804","Sinatra"
"tt0381849","3:10 to Yuma"
"fm476","Das weisse Band"
"tt0181865","Traffic"
"778","il postino"
"fm2361","Used Cars"
"tt0036342","Shadow of a Doubt"
"fm1570","phantom of the paradise"
"fm2443","Year One"
"tt0114787","Underground"
"fm331","Cabriola"
"fm1182","le bon la brute et le truand"
"fm2180","the school of rock"
"fm641","El profesor patag?nico"
"514","Giant"
"fm317","Buck and the Preacher (1972)"
"tt0058461","Per un pugno di dollari"
"864","Le Samourai"
"fm60","A Cry in the dark"
"fm2445","Yo El Vaquilla"
"fm1729","samparkour"
"fm1491","O Signo da Cidade"
"tt0034492","Bambi"
"tt0185014","Wonder Boys"
"fm477","Date Nite"
"262","Breaking Away"
"1127","Year Of The Dragon"
"fm410","Cleopatra"
"tt0203009","Moulin Rouge!"
"tt0316356","Open Range"
"102","Analyze this"
"fm1805","single white female"
"694","Mary, Queen of Scots"
"780","Pretty In Pink"
"24","Absolute Beginners"
"fm2082","The Island"
"fm148","Amor xtremo (2006"
"fm1646","Quo Vadis"
"tt0139654","Training Day"
"tt0106489","A Bronx Tale"
"tt0106677","Dazed and Confused"
"956","Star Wars Episode I: The Phantom Menace"
"tt0099685","Goodfellas"
"tt0102138","JFK"
"610","A Kiss Before Dying"
"tt0293715","My Sassy Girl"
"fm1571","piano,solo"
"947","Star Trek IV: The Voyage Home"
"fm1032","Jerry Maguire"
"fm1974","The Boys from County Clare"
"1051","Two Lane Blacktop"
"fm2285","Todo sobre mi madre"
"fm569","Ek Paye Royecho Dariye"
"fm711","eres mi heroe"
"tt0878804","The Blind Side"
"fm1111","La fille coup?e en deux"
"tt0469494","There Will Be Blood"
"fm1885","Suave patria (2012)"
"fm954","I am number four"
"fm1258","Los Serrano - Serie TV"
"175","The Beach"
"fm1425","nacho libre"
"tt0266308","Battle Royale"
"fm865","Gran Hotel (serie tv)"
"426","Dressed To Kill"
"tt0086979","Blood Simple."
"339","The Commitments"
"tt0083907","The Evil Dead"
"fm784","Fort Bravo"
"fm236","Belmonte"
"fm2362","vacaciones en roma"
"tt0121766","Star Wars: Episode III - Revenge of the Sith"
"fm1334","Mercury Rising"
"tt0100150","Miller's Crossing"
"tt0056218","The Manchurian Candidate"
"tt1130884","Shutter Island"
"698","The Matrix Reloaded"
"103","Anchorman: The Legend of ron Burgundy"
"tt0107290","Jurassic Park"
"865","The Sand pebbles"
"1128","You Only Live Twice"
"fm1806","singles"
"265","Bridesmaids"
"fm1886","sucedi? en sevilla"
"25","Absolute Power"
"fm1183","Le code a chang?"
"fm2085","The Johnsons"
"tt0112817","Dead Man"
"tt0060176","Blow-Up"
"fm411","clerks"
"82","Amarcord"
"fm332","Cach?"
"611","Klute"
"tt1935179","Mud"
"fm1035","Jesus of Nazareth"
"tt0105046","Of Mice and Men"
"515","Gigi"
"fm1260","Los vigilantes de la playa (Baywatch)"
"176","Beach Blanket Bingo"
"tt0083922","Fanny and Alexander"
"fm1337","meu nome n?o ? Johnny"
"fm955","i believe in you"
"fm1730","samson and delilah 1983"
"fm1492","Obsessed"
"fm1427","Nadie conoce a nadie"
"fm150","An Affair to Remember"
"fm866","Gran Nord"
"fm2363","Vacancy"
"fm2447","Yo soy esa (1990)"
"tt0069995","Don't Look Now"
"fm1648","Radio"
"fm482","De Passagem"
"fm712","Erin Brockovich"
"tt0088939","The Color Purple"
"fm2181","the score"
"tt0088680","After Hours"
"fm572","Eklavya"
"957","Star Wars Episode II: Attack of the Clones"
"tt2278388","The Grand Budapest Hotel"
"tt0926084","Harry Potter and the Deathly Hallows: Part 1"
"781","Pretty Woman"
"fm61","? Deriva"
"fm1033","Jesus christ Superstar"
"428","The Eagle Has Landed"
"340","The Conqueror"
"fm785","Fortunata y Jacinta"
"fm1976","The brave one"
"fm237","BEN HUR"
"fm1112","La fr?a luz del d?a (The cold light of day) USA, 2012"
"tt0372183","The Bourne Supremacy"
"fm1572","Picnic at Hanging Rock"
"tt0075029","The Outlaw Josey Wales"
"tt0121164","Corpse Bride"
"tt0482571","The Prestige"
"1053","U.S. Marshals"
"fm2286","Todos a la c?rcel"
"fm642","El rayo verde"
"tt0073486","One Flew Over the Cuckoo's Nest"
"fm1574","Pilar (2001)"
"fm1649","Rage (1966)"
"fm152","An Officer and a Gentleman"
"tt1149362","The White Ribbon"
"fm2448","yo,tambi?n"
"612","The Knack... And How To Get It"
"268","Bridget Jones's Diary"
"fm643","El refugio del mal"
"fm412","Click"
"tt0058385","My Fair Lady"
"fm2086","The Juror"
"866","The SanDpiper"
"699","The Matrix Revolutions"
"1035","Transformers"
"fm1184","Le grand bazar"
"fm1887","sucker punch"
"104","Et Dieu... Cr?A LA FEMME (...And God Created Woman)"
"959","Star Wars Episode IV: A New Hope"
"tt0082348","Excalibur"
"fm713","Ermessenda"
"tt0378194","Kill Bill: Vol. 2"
"fm786","four brothers"
"fm1037","Jogo Subterr?neo"
"fm1338","Meu tio matou um cara"
"fm1977","The Break-Up"
"fm1114","La guerra empieza en Cuba"
"fm870","Great Balls of Fire"
"1129","Young Guns II ? Blaze of Glory"
"783","THE PRIME OF MISS JEAN BRODIE"
"tt0120679","Frida"
"fm239","Ben X"
"fm2214","The Three Musketeers (2011)"
"tt0215750","Enemy at the Gates"
"fm63","A Faithful Soldier of Pancho Villa (1967)"
"tt0053221","Rio Bravo"
"fm1807","sintonia de amor"
"tt0162346","Ghost World"
"tt1392214","Prisoners"
"429","Earth Girls Are Easy"
"342","Le M?pris (contempt)"
"tt0978762","Mary and Max"
"27","Accattone"
"tt0093779","The Princess Bride"
"fm1495","Oceans 12"
"tt0069281","Sleuth"
"tt0066026","MASH"
"fm956","I delfini"
"177","The Beast From 20,000 Fathoms"
"tt0024216","King Kong"
"fm2184","The Second Jungle Book"
"tt0047478","Seven Samurai"
"fm334","Cahill U.S. Marshal (1973)"
"fm483","De Passievrucht"
"1055","The Undead"
"fm1731","Sangre y arena (1989)"
"tt0095016","Die Hard"
"tt0086879","Amadeus"
"fm573","el abuelo"
"fm2288","Tom And Huck"
"fm1428","Nao por Acaso"
"tt0038355","The Big Sleep"
"518","The Glenn Miller Story"
"fm2364","Vacanze a Ischia"
"fm1262","lost boys"
"fm1653","Raise the Red Lantern"
"269","Brief Encounter"
"tt0095631","Midnight Run"
"fm957","I dreamed of Africa"
"fm1576","pink flamingos"
"343","Cop Land"
"178","Beat the Devil"
"tt0053779","La Dolce Vita"
"700","Maurice"
"fm1115","La Habitaci?n de Fermat"
"fm335","Calabuch"
"fm1429","Napoli Napoli Napoli"
"fm2365","Valkyrie"
"tt0076759","Star Wars"
"tt1375666","Inception"
"fm1339","Mexico vs Estados Unidos"
"fm2185","The Sentinel"
"fm1981","The Cat o' Nine Tails"
"fm2289","Tomboy"
"fm574","El agua en el suelo"
"fm64","a good year"
"tt0097165","Dead Poets Society"
"tt0416449","300"
"961","Starship Troopers"
"fm2449","You Don't Mess with the Zohan"
"105","The Anderson Tapes"
"fm788","four weddings and a funeral"
"433","Edipo Re (Oedipus the King)"
"614","Knocked Up"
"fm1732","Santa Rosa de Lima"
"tt0485947","Mr. Nobody"
"fm2088","The Kingdom"
"tt0099785","Home Alone"
"tt0118715","The Big Lebowski"
"13","8 Mile"
"tt0084805","Tootsie"
"fm1185","Le H?risson"
"fm715","escape to athena"
"tt0070047","The Exorcist"
"fm413","Cliente"
"fm153","Anatomie"
"tt0185125","All About My Mother"
"785","The Princess Diaries"
"tt0052311","Touch of Evil"
"fm644","El regreso de los siete magn?ficos"
"fm1499","Odd Man Out"
"28","Accident"
"1131","The Young Victoria"
"tt0044081","A Streetcar Named Desire"
"tt0117665","Sleepers"
"fm1808","sissi"
"fm1890","Sugar"
"tt0086250","Scarface"
"fm1038","John Rabe"
"868","The Satanic Rites Of Dracula"
"fm871","Great Expectations"
"tt1340107","In a Better World"
"fm2084","The Italian Job (1969)"
"fm243","Bendito Fruto"
"fm487","Deadwood"
"521","The Go-Between"
"1056","UNDER SIEGE"
"tt0419294","The Three Burials of Melquiades Estrada"
"fm1264","Loulou Graffiti"
"344","Cowboys & Aliens"
"tt0373074","Kung Fu Hustle"
"tt0477139","Wristcutters: A Love Story"
"869","Saturday night and sunday morning"
"fm1577","pink panther"
"fm1430","NARNIA"
"fm716","Ese oscuro objeto del deseo"
"fm958","I Love You Phillip Morris"
"1057","Under the skin"
"615","Konga"
"fm1039","Johnny English"
"fm2450","You've Got Mail"
"179","Beau Brummell"
"tt0115751","Breaking the Waves"
"tt0181875","Almost Famous"
"tt0046250","Roman Holiday"
"436","Eight Men Out"
"tt0454876","Life of Pi"
"tt1057500","Invictus"
"29","The Accidental Tourist"
"1132","YOU?VE GOT MAIL"
"fm1733","S?o Paulo, Sociedade An?nima"
"tt0056172","Lawrence of Arabia"
"fm2366","van helsing"
"fm2089","The Kovak Box"
"962","Step Brothers"
"fm244","Benny & Joon"
"fm790","Fractured"
"fm1983","The Cheetah Girls 2"
"fm414","Cliffhanger"
"fm1654","Rajapattai"
"fm1891","Suite Habana"
"fm1340","Mexico vs. Estados Unidos"
"fm1266","Love and Other Drugs"
"fm2186","THE SEPTEMBER ISSUE"
"tt0427309","The Great Debaters"
"tt2140373","Saving Mr. Banks"
"fm872","great scout and cathouse thursday"
"786","The Prisoner of Second Avenue"
"fm387","Chicogrande (2010)"
"fm336","calle mayor"
"fm155","and soon the darkness"
"tt0945513","Source Code"
"tt0460791","The Fall"
"270","The Brink?s Job"
"fm1810","Six Days Seven Nights"
"701","Naked"
"fm65","A guide to Recognizing your saints"
"fm1502","Ofelas"
"1105","Withnail & I"
"fm647","El r?o que nos lleva (1989)"
"tt0361748","Inglourious Basterds"
"525","Goldeneye"
"fm489","Death and the Maiden"
"fm575","El ahorcado (1983)"
"fm1186","Le Mioche"
"fm2291","Tora! Tora! Tora!"
"tt0118749","Boogie Nights"
"fm1117","La ins?lita y gloriosa haza?a del cipote de Archidona"
"106","An Angel At My Table"
"tt0463998","Freedom Writers"
"tt0066999","Dirty Harry"
"tt0058946","The Battle of Algiers"
"tt0021749","City Lights"
"1133","Zabriskie Point"
"fm156","Angel Caido"
"fm2190","The Sign of the Cross"
"tt0114369","Se7en"
"fm1892","sultanes del sur"
"tt0395169","Hotel Rwanda"
"tt0118929","Dark City"
"tt0211915","Am?lie"
"tt0903624","The Hobbit: An Unexpected Journey"
"fm245","Beowulf"
"fm1118","la lengua de las mariposas"
"787","THE PRIVATE LIFE OF SHERLOCK HOLMES"
"fm1267","Love happens"
"tt0043456","The Day the Earth Stood Still"
"tt1675434","The Intouchables"
"tt0107808","A Perfect World"
"fm1984","The China story"
"tt0144117","The Boondock Saints"
"fm1501","Odette una comedia sobre la felicidad"
"616","The Krays"
"fm1041","Jonah Hex"
"tt0101507","Boyz n the Hood"
"fm338","campanadas a medianoche"
"tt0116922","Lost Highway"
"tt0091369","Labyrinth"
"tt0964517","The Fighter"
"530","Gone To Earth"
"fm492","Deep Red (Profondo Rosso)"
"tt0246578","Donnie Darko"
"fm717","esta casa es una ruina"
"fm1578","piratas del caribe"
"963","STEP UP"
"fm1736","Save Me"
"183","The Bedroom Window"
"tt1219289","Limitless"
"fm2294","Tot?"
"346","Crank"
"fm873","Gremlins 2: The new batch"
"30","Accion Mutante"
"fm1503","Oil on Water"
"fm576","El Alcalde y la Pol?tica (1979)"
"fm1342","mi pobre angelito 2"
"fm415","Clinique in the Rose Garden"
"271","Broadway Danny Rose"
"fm2368","Ventdelpl? (TV serie)"
"702","The Naked City"
"tt0107822","The Piano"
"tt1189073","La piel que habito"
"fm1189","Le Pr?sident"
"438","Electra Glide In Blue"
"fm66","A Love Divided"
"108","Angels And Demons"
"fm649","El Robo del Tren"
"1059","Urban Legend"
"tt0475276","United 93"
"fm1655","Rambo"
"fm1811","Six Feet Under"
"fm960","i pirati dei caraibi"
"fm2452","Young Guns 1"
"fm791","Fragile"
"154","Bad Lieutenant"
"fm1431","National Lampoon's Animal House"
"872","Sayonara"
"fm2090","The Las Vegas Story"
"tt0063442","Planet of the Apes"
"tt0027977","Modern Times"
"tt0120586","American History X"
"fm2453","Young Winston"
"187","Prima Della Rivoluzione (Before The Revolution)"
"tt0167404","The Sixth Sense"
"fm650","El robo imposible"
"441","Elizabeth: the Golden Age"
"fm339","campus man"
"tt0075005","The Omen"
"tt1855199","End of Watch"
"788","PRIZZI?S HONOR"
"fm795","Frantic"
"tt0054698","Breakfast at Tiffany's"
"fm69","A perfect murder"
"fm157","Angel of Death (Semana Santa)"
"tt0106977","The Fugitive"
"tt0101414","Beauty and the Beast"
"fm2369","vente a alemania pepe"
"fm416","clockwork orange"
"fm246","Between strangers"
"fm1579","Piratas del Caribe: en el fin del mundo"
"fm1432","National Lampoon's European Vacation"
"fm1268","love in the time of cholera"
"fm1505","old gringo"
"tt0046912","Dial M for Murder"
"tt0421238","The Proposition"
"tt0165798","Ghost Dog: The Way of the Samurai"
"fm1985","The Chronicles of Narnia: Prince Caspian"
"873","Scandal"
"fm1352","Midnight in the Garden of Good and Evil"
"1062","Valentino"
"tt1197624","Law Abiding Citizen"
"tt1074638","Skyfall"
"109","Angst Essen Seele Auf (Fear Eats The Soul)"
"tt1032846","4 Months, 3 Weeks and 2 Days"
"31","Ace In The Hole"
"966","Strange Days"
"fm1119","La Leyenda del Reverendo"
"fm1043","Jory (1973)"
"627","Last Action Hero"
"tt1276104","Looper"
"fm2193","The Soldiers of Pancho Villa (1959)"
"fm2093","The Last House On The Left"
"tt0335266","Lost in Translation"
"538","La Grande Illusion"
"349","Crimes of the Heart"
"272","Buffy the Vampire Slayer"
"1134","Zardoz"
"fm1812","sixth sense"
"fm877","Grupo 7"
"tt0290673","Irreversible"
"fm577","el americano impasible"
"fm1657","Ramona (TV Series 2000)"
"fm1894","Summertime"
"fm494","Demons"
"fm1193","Leatherheads"
"fm2296","toys"
"fm718","Estamos Juntos"
"fm1741","Saw 3D"
"618","L.A. Story"
"tt1136608","District 9"
"704","The Nanny"
"fm961","I See a Dark Stranger"
"fm1895","Sunshine"
"tt0171804","Boys Don't Cry"
"tt1614989","Hodejegerne"
"fm719","Estranho Encontro"
"tt0119174","The Game"
"fm1044","journey to the End of the Night"
"fm579","el ?ngel exterminador"
"fm2454","Youth without youth"
"fm1433","Navy Seals"
"fm878","Gruss Gott Se?or Ram?n"
"541","The Great Gatsby"
"385","Death Proof"
"fm2198","The Sorcerer's Apprentice"
"32","Ace Ventura - Pet Detective"
"442","Emma"
"1135","Zathura: a Space Adventure"
"fm651","El secreto de pap? (1961)"
"fm340","Cananea"
"tt0038109","Spellbound"
"875","scary movie"
"tt1226774","In the Loop"
"619","The L-Shaped Room"
"968","Sudden Fear"
"fm2370","vento di passioni"
"669","Love Story"
"tt0375912","Layer Cake"
"fm1271","Luc?a y el sexo"
"fm1580","Pirates of Silicon Valley"
"188","The Beguiled"
"fm1121","La Lozana Andaluza"
"tt0243017","Waking Life"
"tt0060827","Persona"
"fm70","a puerta fria"
"tt0276919","Dogville"
"705","Napoleon Dynamite"
"1063","Valmont"
"fm158","Angel River (1986)"
"fm1507","old school"
"fm1813","Skins"
"fm964","ieri oggi e domani"
"791","PUBLIC ENEMIES"
"fm1196","Legion"
"273","Bugsy"
"fm247","Beverly Hills Chihuahua"
"tt0300140","Lilya 4-Ever"
"tt0104797","Malcolm X"
"tt0208092","Snatch."
"fm796","fratello sole sorella luna"
"tt0043014","Sunset Blvd."
"fm1742","SAW V"
"fm1986","The Conformist (Il Conformista)"
"tt0230600","The Others"
"tt0117666","Sling Blade"
"110","Anna and the King"
"fm1660","Ravenous (1999)"
"fm2099","the legend of zorro"
"354","The Da Vinci Code"
"fm2301","Tranv?a a la Malvarrosa"
"fm419","cloverfield"
"tt1322269","August: Osage County"
"fm497","Der letzte Ritt nach Santa Cruz"
"tt0445922","Across the Universe"
"fm1353","Midnight's Children"
"tt0118799","Life Is Beautiful"
"tt0104940","The Muppet Christmas Carol"
"fm965","Il capo dei capi"
"tt0089218","The Goonies"
"158","Bagdad Cafe"
"tt0010323","The Cabinet of Dr. Caligari"
"fm2101","The life before her eyes"
"tt0419677","Dead Man's Shoes"
"355","Daddy day care"
"34","Across 110th Street"
"445","Enemy Of The State"
"fm159","angel-a"
"fm1272","Lucky Numbers"
"tt0111161","The Shawshank Redemption"
"fm1122","La lupa"
"fm1662","Reach the Rock"
"fm2304","trastevere"
"fm720","Eva"
"tt0050212","The Bridge on the River Kwai"
"876","Scenes from a Mall"
"fm73","A room with a view"
"tt0983193","The Adventures of Tintin"
"tt0023969","Duck Soup"
"fm879","Guns for San Sebastian (1968)"
"tt0245712","Amores Perros"
"tt0405508","Rang De Basanti"
"fm1814","Sleeper"
"tt1063669","The Wave"
"tt0266697","Kill Bill: Vol. 1"
"fm2201","The Stepfather"
"tt0080120","The Warriors"
"fm1743","say anything"
"fm341","cancun"
"620","Pan?s Labyrinth (El Laberinto Del Fauno)"
"1064","Vampire in Venice"
"1136","The Zero Theorem"
"tt0067800","Straw Dogs"
"fm249","bienvenido mister marshall"
"274","Bullets Over Broadway"
"fm2456","Zero Effect"
"793","Pump Up The Volume"
"fm1896","super 8"
"tt0358273","Walk the Line"
"fm1354","Mientras Duermes"
"fm652","El secreto de sus ojos"
"tt0247425","In the Bedroom"
"fm1990","The Cove"
"fm1045","Juan de los muertos"
"fm2373","Vidas ajenas"
"fm797","french kiss"
"fm1198","Les amours imaginaires (heartbeats)"
"fm1587","Pixote, a Lei do Mais Fraco"
"543","Green Lantern"
"tt0314331","Love Actually"
"111","Anne of the Thousand Days"
"tt0053198","The 400 Blows"
"fm581","El avaro (1999)"
"190","Bell Book and Candle"
"969","Sudden Impact"
"fm1435","Never Forever"
"tt0465538","Michael Clayton"
"fm498","Der Stern von Afrika"
"706","Nashville"
"fm420","Clueless"
"fm1508","Olympus Has Fallen (Objetivo: La Casa Blanca)"
"35","Adam?s Rib"
"fm342","Canguro Jack"
"tt0123755","Cube"
"tt0446755","The Painted Veil"
"fm1046","juana la loca"
"795","Quantum of Solace"
"191","The Bellboy"
"tt1853728","Django Unchained"
"tt0443706","Zodiac"
"545","Green Street"
"fm1509","on golden pond"
"276","Bunny Lake Is Missing"
"fm2203","The Strangers"
"1065","Vanilla Sky"
"fm74","A Serious Man"
"fm421","Coach Carter"
"fm1199","Les beaux gosses"
"tt0120735","Lock, Stock and Two Smoking Barrels"
"879","School for Scoundrels"
"tt0057012","Dr. Strangelove or: How I Learned to Stop Worrying and Love the Bomb"
"fm1590","Pl?cido"
"448","Escape from the Planet of the Apes"
"fm722","evita"
"fm2305","Tres dies amb la fam?lia (Tres d?as con la familia)"
"fm2102","The limits of control"
"tt0074958","Network"
"fm1816","Sleeping with the Enemy"
"826","The Ring"
"fm1991","The Crazies"
"356","Dad?s Army"
"fm583","el ba?o del papa"
"fm653","El se?or de los anillos"
"fm1436","Never let me go (Nunca me abandones)"
"fm1745","Scarlett (TV serie)"
"fm966","il commisario montalbano il senso del tatto"
"fm499","Der Womanizer"
"fm880","guns of darkness"
"112","L?Ann?e Derni?re ? Marienbad (Last Year in Marienbad)"
"tt0424345","Clerks II"
"tt0092005","Stand by Me"
"fm1123","La mala educaci?n"
"fm1","SEE RANK Cattle Annie and Little Britches (1981)"
"fm1273","Lula: O Filho do Brasil"
"tt0068327","Cabaret"
"971","Sunday Bloody Sunday"
"fm2374","Vie en rose"
"fm1355","Mighty Aphrodite"
"fm250","Bienvenidos al norte (francia)"
"tt0087781","The Natural"
"tt0829482","Superbad"
"tt0107688","The Nightmare Before Christmas"
"tt0099487","Edward Scissorhands"
"tt0119488","L.A. Confidential"
"fm160","Angeles y Demonios"
"fm798","Fresa y Chocolate"
"fm1899","Superman II"
"tt1306980","50/50"
"tt0765429","American Gangster"
"621","Lacombe, Lucien"
"tt0372824","The Chorus"
"tt1229238","Mission: Impossible - Ghost Protocol"
"fm2459","zorba"
"fm1664","Rebelle"
"707","The Net"
"tt0780571","Mr. Brooks"
"tt1119646","The Hangover"
"fm161","Angels and Demons"
"fm1992","The Crimson Pirate"
"tt0072271","The Texas Chain Saw Massacre"
"fm2375","Vienen por el oro, vienen por todo"
"fm1903","Surveillance"
"tt0805564","Lars and the Real Girl"
"tt0362225","Tell No One"
"tt0081505","The Shining"
"fm251","Bienvenue chez les Ch'tis"
"fm2460","Zulu"
"fm500","Derechos y deberes de la infancia y la adolescencia"
"tt0101700","Delicatessen"
"fm584","El bueno, el feo y el malo"
"fm2206","The Taking of Pelham 1 2 3"
"fm1591","Planes, Trains and Automobiles"
"277","Buona Sera, Mrs Campbell"
"fm75","A Summer Place"
"796","The Quatermass Xperiment (The Creeping Unknown)"
"fm967","Il Compagno Don Camillo"
"fm1512","Once Apon A Time In The West"
"fm1274","Lulu on the Bridge"
"tt0240772","Ocean's Eleven"
"fm655","el sue?o de tanger"
"622","The Lady From Shanghai"
"972","Sunset Boulevard"
"fm1200","Les bijoutiers du clair de lune"
"114","Another Country"
"880","School Of Rock"
"fm1356","mighty ducks"
"fm2306","Tres metros sobre el cielo"
"fm799","Friends"
"192","Belle de Jour"
"fm723","Ex"
"tt0091605","The Name of the Rose"
"tt1193138","Up in the Air"
"fm881","Habanastation"
"fm1047","Jules et Jim"
"fm343","Capitaes de abril"
"fm422","cocktail"
"tt0245574","Y Tu Mam? Tambi?n"
"tt0113627","Leaving Las Vegas"
"fm1817","Sleepless (Non ho sonno)"
"fm1124","la matassa"
"357","Damage"
"tt0097123","Crimes and Misdemeanors"
"fm1749","Schtonk"
"tt0918927","Doubt"
"tt0253474","The Pianist"
"450","Everyone Says I Love You"
"709","Never Say Never Again,"
"899","Sexy Beast"
"tt0052561","Anatomy of a Murder"
"fm1665","rec"
"tt0056801","8?"
"fm2103","The Limits of Control"
"36","The Addams Family"
"fm1437","Never Say Never Again"
"tt1843866","Captain America: The Winter Soldier"
"546","Green Zone"
"fm4","Add to WatchlistRio Bravo (1959)"
"tt0104348","Glengarry Glen Ross"
"1066","Vanishing Point"
"fm162","Anger Management"
"fm801","frighteners"
"fm424","Cold Mountain"
"tt0075686","Annie Hall"
"547","Gremlins 2: The New Batch"
"1073","Village of the Damned"
"tt0026029","The 39 Steps"
"fm1818","Sleepless in Seattle"
"279","The Cable Guy"
"fm1995","The Darjeeling Limited"
"710","New York, New York"
"fm1593","planet of the pitts"
"tt0340377","The Station Agent"
"fm501","desde que amanece apetece"
"tt2209418","Before Midnight"
"tt0082694","Mad Max 2: The Road Warrior"
"fm1751","scream"
"975","Superman IV: The Quest for Peace"
"tt0385004","House of Flying Daggers"
"882","Scream"
"fm1357","milagro beanfield war"
"fm76","A Via Lactea"
"fm347","Car Jacked (Secuestro express)"
"tt0102926","The Silence of the Lambs"
"tt0052618","Ben-Hur"
"tt0405094","The Lives of Others"
"fm255","Big Jake (1971)"
"fm5","Il buono, il brutto, il cattivo"
"fm969","il divo"
"fm1276","Luz nas Trevas - A Volta do Bandido da Luz Vermelha"
"tt0076786","Suspiria"
"tt1164999","Biutiful"
"tt0108550","What's Eating Gilbert Grape"
"798","Rabid"
"fm1905","SWAT"
"358","The DAMNED (THESE ARE THE DAMNED)"
"fm585","El cabo del miedo"
"625","The LAdykillers"
"fm2307","Triage"
"tt0386064","Tae Guk Gi: The Brotherhood of War"
"fm1125","La meglio giovent?"
"tt0106519","Carlito's Way"
"193","La Belle Et La B?te"
"fm882","Hable con ella"
"fm1666","Rec"
"tt0107616","Much Ado About Nothing"
"fm1201","Les Chevaliers du ciel"
"fm725","expediente 39"
"tt0128442","Rounders"
"tt0181689","Minority Report"
"fm1438","new moon"
"fm1513","Once upon a time (?rase una vez)"
"fm656","El Sur"
"tt0457430","El laberinto del fauno"
"fm256","big lebowsky"
"fm2209","the tall men"
"tt0110322","Legends of the Fall"
"fm2376","Villa Amalia"
"fm2106","The Longest Yard"
"115","Another Woman"
"fm1048","julia"
"1067","Vera Drake"
"451","Evolution"
"37","Addams Family Values"
"tt0070735","The Sting"
"fm163","Angus, thongs and perfect snogging"
"fm970","Il giudizio universale"
"fm2211","The terminal"
"fm1361","Millennium 1"
"280","Cach?"
"tt0058331","Mary Poppins"
"tt1078588","My Sister's Keeper"
"fm883","Hace calor en La Habana (2006)"
"tt0103939","Chaplin"
"fm1594","planet of the pitts 2002"
"1137","Zoolander"
"fm257","Big Nothing"
"fm2107","The Lord of the Rings"
"tt0453562","42"
"fm1822","smallville"
"fm1667","Rec 2"
"tt0090967","Down by Law"
"799","Radio Days"
"fm2308","TRON Legacy (2010)"
"tt1187043","3 Idiots"
"194","The Belly Of An Architect"
"fm425","Columbo"
"fm502","destino final 2"
"883","Scream 2"
"fm1907","Sweet Liberty"
"fm802","Fringe"
"fm1278","Ma m?re"
"fm726","Extremely Loud & Incredibly Close"
"tt0393109","Brick"
"fm1752","Se buscan III, Pueblo de Malditos"
"fm658","El tiempo de la felicidad"
"359","Dance With A Stranger"
"454","Face/Off"
"1068","The Verdict"
"558","I Love You To Death"
"711","Night of the Demon"
"fm77","a view to a kill"
"fm1999","the deadiy trackera"
"117","Apache"
"548","Greystoke, the Legend of Tarzan, Lord of the Apes"
"tt0078788","Apocalypse Now"
"tt0092965","Empire of the Sun"
"fm1439","Newsmakers (Goryachie novosti)"
"tt0074285","Carrie"
"626","Lara Croft: Tomb Raider"
"fm586","El Camino de los Ingleses"
"fm1516","Once Were Warriors"
"tt0365748","Shaun of the Dead"
"fm1049","Julie & Julia"
"fm9","007 Casino Royale"
"tt0093409","Lethal Weapon"
"fm1203","Letters to God"
"38","Adventureland"
"tt0427944","Thank You for Smoking"
"fm2377","Villa:  Itinerario de una pasi?n"
"fm1177","Lawrence de Arabia"
"976","Superman Returns"
"tt0079944","Stalker"
"fm1127","La Mitad de Oscar"
"tt0166896","The Straight Story"
"tt0096438","Who Framed Roger Rabbit"
"fm349","Carandiru"
"tt0110413","L?on: The Professional"
"fm804","From Paris with Love"
"195","Ben Hur: A Tale Of The Christ"
"40","The Adventures of Barry McKenzie"
"tt0462504","Rescue Dawn"
"362","Dante?s Peak"
"tt0061722","The Graduate"
"tt0096754","The Abyss"
"tt0075860","Close Encounters of the Third Kind"
"fm1279","macbeth 1971"
"fm350","Car?cies"
"fm884","Hace un mill?n de a?os"
"tt0049833","The Ten Commandments"
"fm2215","The tourist"
"fm262","Birdman of Alcatraz"
"fm1364","mini espias 4"
"tt0070034","Enter the Dragon"
"fm1595","Planet terror"
"fm1128","La M?me"
"tt0084787","The Thing"
"fm2108","The lords of the rings"
"fm1753","Se lo fai sono guai"
"fm971","il marchese del grillo"
"tt0433383","Good Night, and Good Luck."
"713","The Nightcomers"
"884","Scream 3"
"fm503","destino final 5"
"fm1823","Smoke"
"fm2378","Villarriba y Villabajo (1994) - Serie TV"
"fm164","Anita no pierde el tren"
"594","The Karate Kid"
"fm1518","One last dance"
"550","Guess Who"
"fm10","007 From Russia with Love"
"tt0407265","Transamerica"
"978","The Sweet Smell of Success"
"282","La Cage Aux Folles"
"tt0344510","A Very Long Engagement"
"tt0190590","O Brother, Where Art Thou?"
"455","The Faculty"
"fm2309","tropa de elite"
"tt0144084","American Psycho"
"tt0084516","Poltergeist"
"fm426","comanche"
"tt0416320","Match Point"
"tt0077975","Animal House"
"fm1050","Jumper"
"628","The Last Days of Sodom and Gomorrah"
"fm1668","RED"
"fm79","Abel"
"802","The railway Children"
"fm1204","leyendas de amor y muerte"
"120","Apt Pupil"
"tt0287467","Talk to Her"
"tt1832382","Jodaeiye Nader az Simin"
"fm1908","Sweet Movie"
"1071","A View To A Kill"
"fm727","Eye for an Eye (1971)"
"fm659","el topo"
"fm2000","The Deaths of Ian Stone"
"fm587","El cazador de rober de niro"
"tt0070917","The Wicker Man"
"fm1506","Old Gringo (1989)"
"tt0049470","The Man Who Knew Too Much"
"fm1440","Nick and Norah's Infinite Playlist"
"fm1671","Red Lights (Luces Rojas)"
"tt0254686","The Piano Teacher"
"363","Daredevil"
"fm2109","The Lovely Bones"
"fm1824","Smokey and the Bandit"
"fm1910","Swordfish"
"tt0065938","Kelly's Heroes"
"tt0305206","American Splendor"
"tt0367110","Swades"
"tt0364517","Love Me If You Dare"
"tt1605783","Midnight in Paris"
"fm351","Carmen"
"fm1756","Secretos del Corazon"
"fm506","Deuce Bigalow european gigolo"
"fm2310","Troy"
"fm2003","the desperate mission"
"tt0047528","La Strada"
"tt0093389","The Last Emperor"
"551","Guess Who?s Coming To Dinner?"
"fm427","Comanche (1956)"
"fm265","black  hawk down"
"283","Caged Heat"
"fm973","Il mio west"
"fm2216","The Train (1964)"
"fm1365","Miracle at Sant'Anna"
"fm1596","Plastic City"
"fm1280","Machete"
"tt0168629","Dancer in the Dark"
"794","Quadrophenia"
"fm81","About A Boy"
"tt0959337","Revolutionary Road"
"fm805","from prada to nada"
"tt0097937","My Left Foot"
"885","Scream 4"
"tt0075314","Taxi Driver"
"tt0074860","Marathon Man"
"fm1521","one missed call"
"1072","The Vikings"
"tt0976051","The Reader"
"fm11","007 Quantum of Solace"
"tt0426931","August Rush"
"fm165","Anne of Green Gables"
"tt0116282","Fargo"
"tt0056923","Charade"
"716","No Way Out"
"979","The Taking Of Pelham One Two Three"
"42","The Adventures of Quentin Durward"
"121","Arabesque"
"tt0104952","My Cousin Vinny"
"fm2419","White Feather (Pluma Blanca)"
"fm1205","leyendas de pasion"
"fm1441","Night on de Museum"
"fm588","El Cid"
"fm730","Falcon Crest"
"631","Last orders"
"fm1056","Kabhi Khushi Kabhi Gham"
"fm660","El Topo (1970)"
"fm2379","viridiana"
"fm1129","la muerte tenia un precio"
"456","The Fallen Idol"
"510","Ghost"
"198","La B?te Humaine"
"803","Rain Man"
"fm886","Half Light"
"fm974","il postino (the postman)"
"123","Arthur"
"tt0082096","Das Boot"
"fm1597","platillos volantes"
"tt0120669","Fear and Loathing in Las Vegas"
"fm266","Black Christmas"
"718","NOSFERATU, PHANTOM DER NACHT"
"fm732","Fanny"
"1075","Villain"
"fm168","Another Hearth"
"fm428","Comizi d'amore"
"fm1206","Leyendas durangue?as"
"fm2217","the train robbers"
"tt0796366","Star Trek"
"366","Dark Passage"
"tt0104691","The Last of the Mohicans"
"fm590","el cid, belmonte cuenca"
"fm1442","NIGHTMARE ON ELM STREET"
"tt0079470","Life of Brian"
"886","Sea Of Love"
"tt1045658","Silver Linings Playbook"
"fm1672","red sun"
"fm1366","miracolo a milano"
"tt0096874","Back to the Future Part II"
"552","Ride The High Country (Guns In The Afternoon)"
"fm806","Frozen ( Bajo cero)"
"fm1757","Secrets and lies"
"fm2004","The Desperate Mission (TV 1969"
"tt1817273","The Place Beyond the Pines"
"tt0079417","Kramer vs. Kramer"
"fm1130","La muerte y la doncella"
"fm1706","Rock n Rolla"
"fm2114","The Man Without a Past (Mies vailla menneisyytt?)"
"633","Last Tango in Paris"
"fm2380","Virilidad a la espa?ola (1977)"
"tt0814314","Seven Pounds"
"288","Carry On Again Doctor"
"tt0091530","The Mission"
"44","Advise and Consent"
"tt0329575","Seabiscuit"
"870","Saturday Night Fever"
"tt0369339","Collateral"
"fm1283","Mad Max: Fury Road"
"fm2311","Truands"
"200","Beverly Hills Cop II"
"fm1057","Kalim?n, el hombre incre?ble (1970"
"981","Targets"
"fm890","Hancock"
"tt1013753","Milk"
"fm1911","Syriana"
"tt0472043","Apocalypto"
"fm352","Carmina o revienta"
"tt0041959","The Third Man"
"804","Raining Stones"
"458","Family plot"
"tt0085959","The Meaning of Life"
"fm1825","snatch"
"fm82","About Schmidt"
"fm1522","One, Two , Three"
"fm667","El Tulip?n Negro"
"fm12","10"
"fm507","Devdas"
"tt0084503","Pink Floyd The Wall"
"tt0120737","The Lord of the Rings: The Fellowship of the Ring"
"122","Armageddon"
"fm2218","The Train Robbers (1973)"
"fm2117","The Mask of Zorro (1998)"
"tt0308644","Finding Neverland"
"fm733","Farewell Baghdad"
"887","Seance on a Wet Afternoon"
"fm592","El C?nsul de Sodoma"
"553","I Am Number Four"
"fm1759","Seguran?a Nacional"
"fm1207","libertarias"
"tt0103064","Terminator 2: Judgment Day"
"719","Not Another Teen Movie"
"tt0083944","First Blood"
"fm807","Frozen River"
"fm85","Abre los ojos"
"fm13","10 things i hate about you"
"fm1598","Play Misty for Me"
"tt0412080","The World's Fastest Indian"
"fm1058","Kamasutra a tale of love"
"tt0325710","The Last Samurai"
"92","American Pie"
"tt1454029","The Help"
"fm2381","Vision Quest"
"fm429","comment un chef"
"47","Against All Odds"
"635","The Lavender Hill Mob"
"fm508","dexter"
"tt0167261","The Lord of the Rings: The Two Towers"
"fm1284","Mad Men"
"tt0085334","A Christmas Story"
"459","Far And Away"
"201","Beverly Hills Cop III"
"fm330","Cabeza de Vaca (1991)"
"126","Ascenseur  Pour l'Echafaud (Lift to the Scaffold)"
"fm1367","Mision Imposible II"
"tt0209144","Memento"
"tt0088763","Back to the Future"
"tt0051201","Witness for the Prosecution"
"fm353","Carne de Horca"
"fm1443","Nights in Rodanthe"
"tt0301357","Good Bye Lenin!"
"tt0078346","Superman"
"fm668","EL TUNCO MACLOVIO"
"983","TED"
"367","Dark Shadows"
"tt0415978","Me and You and Everyone We Know"
"fm2005","The Devil's Rain (1975)"
"tt0098258","Say Anything..."
"fm1673","Red Swastik"
"tt1457767","The Conjuring"
"1076","Les Visiteurs du Soir"
"289","Carry On At Your Convenience"
"fm267","Black rain"
"fm2314","Tu vida en 65'"
"fm894","hannibal"
"fm1523","One-Eyed Jacks"
"tt0091763","Platoon"
"805","The Rainmaker"
"fm1912","Tacones lejanos"
"fm975","il sorpasso"
"tt0061811","In the Heat of the Night"
"fm1131","La mujer del anarquista"
"fm1826","snow angels"
"fm977","Il Viaggio"
"fm170","Antichrist"
"fm14","100 girls"
"127","The Assam Garden"
"fm430","Con Air"
"tt0443680","The Assassination of Jesse James by the Coward Robert Ford"
"fm1368","Mission Imposible"
"fm1059","Kandasamy"
"751","The Passion of the Christ"
"tt0094947","Dangerous Liaisons"
"fm171","Antonia"
"fm808","Fuckland"
"fm1444","nikita"
"fm1525","Ong Bak"
"fm270","Blame it on Rio"
"fm1208","Licence to Kill (1989)"
"tt0370986","Mysterious Skin"
"fm1827","Snow White and the Huntsman"
"tt0212712","2046"
"fm593","El Coraz?n de la Tierra"
"fm509","Di passaggio"
"tt0061184","Who's Afraid of Virginia Woolf?"
"fm735","Fast & Furious"
"tt0840361","The Town"
"tt0418455","Adam's Apples"
"fm1132","la mujer y el pelele"
"fm354","Caro diario"
"807","Raising Cain"
"fm2382","Viva Zapata"
"fm1285","Mad Sad and Bad"
"tt0167260","The Lord of the Rings: The Return of the King"
"fm2118","The Matador"
"tt0364569","Oldeuboi"
"202","Ladri Di Biciclette (Bicycle Thieves)"
"tt0114814","The Usual Suspects"
"368","Darling"
"460","Far From The Madding Crowd"
"638","The League Of Extraordinary Gentlemen"
"fm1760","semana santa en acapulco"
"fm2316","tunel"
"tt0119822","As Good as It Gets"
"fm68","A Man Called Horse (1970)"
"723","Now You See Me"
"tt0825232","The Bucket List"
"fm895","Happythankyoumoreplease"
"889","Secret Ceremony"
"48","Agatha"
"tt0817177","Flipped"
"fm669","El tunco Maclovio (1970)"
"fm2006","the devis rain"
"fm1913","Take The Lead"
"fm1599","Plein Soleil"
"fm2224","The Tudors"
"tt0099871","Jacob's Ladder"
"tt0790636","Dallas Buyers Club"
"984","TEEN WOLF"
"fm1674","reds"
"554","I Am SAM"
"tt0449059","Little Miss Sunshine"
"1077","Volcano"
"290","Carry On Camping"
"tt0315983","House of Sand and Fog"
"tt0795368","Death at a Funeral"
"fm86","Acantilado rojo"
"tt1190536","Black Dynamite"
"fm1761","Sempre Xonxa"
"tt1069238","Departures"
"128","The Assassin (Point of No Return)"
"tt1408101","Star Trek Into Darkness"
"fm1446","nine (musical)"
"tt0499549","Avatar"
"fm2383","Viva Zapata!"
"fm1675","Reds"
"986","The Terminal"
"fm809","fuga de cerebros"
"fm736","Fast & Furious 5"
"fm1901","superman the movie"
"fm1287","Madly in Love (Smoorverliefd)"
"tt0079116","Escape from Alcatraz"
"tt0419887","The Kite Runner"
"fm15","101 Reykjav?k"
"fm1828","So I Married an Axe Murderer"
"291","Carry On Constable"
"tt0040522","Bicycle Thieves"
"fm2008","The Disappearance of Alice Creed"
"tt0140352","The Insider"
"fm2317","tutti pazzi per amore"
"tt0071853","Monty Python and the Holy Grail"
"fm175","Aqu? entonces, all? entonces"
"tt0099088","Back to the Future Part III"
"tt0066921","A Clockwork Orange"
"tt0077405","Days of Heaven"
"fm978","Imagine that"
"fm1915","Taking Chances"
"50","The Age of Innocence"
"fm431","Conan"
"1078","WaIT UNTIL DARK"
"tt1033575","The Descendants"
"fm1213","Lignes de front"
"892","Senso"
"tt0022100","M"
"639","A League Of Their Own"
"fm271","Blasco Ib??ez, la novela de su vida (1997) - Serie TV"
"tt0328107","Man on Fire"
"fm1530","Orphan"
"fm356","Carreteras secundarias (1997)"
"fm1600","Plenilunio"
"fm510","Diamonds are Forever"
"fm2225","The Tuxedo"
"tt0056197","The Longest Day"
"fm896","Harem"
"555","I Confess"
"722","Notting Hill"
"tt0404390","Running Scared"
"724","NOWHERE BOY"
"tt0151804","Office Space"
"fm670","El ?ltimo duelo"
"fm1060","kandaswamy"
"fm1134","La nave de los locos"
"204","Le Grand Bleu (The Big Blue)"
"tt0490204","Reign Over Me"
"370","A Day At The Races"
"fm1369","Mission Impossible III"
"808","Ransom"
"461","The Fast and the Furious"
"tt0047437","Sabrina"
"fm87","Accion mutante"
"fm594","El corredor nocturno"
"fm2121","The Mechanic"
"tt0468569","The Dark Knight"
"1080","A Walk In The Clouds"
"fm595","el crimen prefecto"
"fm1447","Nine 1/2 weeks"
"fm1762","sensation of sight"
"fm511","Diarios de motocicleta"
"129","Assault on Precinct 13"
"fm16","10:30 de una noche de verano (1966)"
"tt0077928","Midnight Express"
"tt0059578","For a Few Dollars More"
"tt0268126","Adaptation."
"fm357","cars"
"tt0070379","Mean Streets"
"tt0109445","Clerks."
"fm1601","Pleno al quince"
"fm979","imagining argentina"
"fm1064","Ken Park"
"tt0350258","Ray"
"fm1215","Linha de Passe"
"tt0264796","Life as a House"
"fm2226","the ugly truth"
"fm1288","magadheera"
"893","Serial Mom"
"810","Real Steel"
"fm899","harry brown"
"fm737","Fast and furious 5"
"fm810","Fuga de cerebros 2"
"556","I Know What You Did Last Summer"
"tt0399295","Lord of War"
"292","Carry On DICK"
"tt0401711","Paris, je t'aime"
"352","Cruel Intentions"
"fm2009","the door in the floor"
"fm1531","Os Doze Trabalhos"
"51","The Agony And The Ecstasy"
"989","TERMINATOR 3: RISE OF THE MACHINES"
"tt0012349","The Kid"
"fm177","Ark of the Sun God"
"fm88","Ace in the Hole"
"fm2319","Twin Towns"
"tt0044706","High Noon"
"tt0110074","The Hudsucker Proxy"
"fm1135","la noche de los girasoles"
"fm1831","Solas"
"tt1951264","The Hunger Games: Catching Fire"
"371","La Nuit Americaine (Day For Night)"
"fm1830","solarbabies"
"fm2386","Volver a empezar"
"fm2122","The Men Who Stare At Goats"
"tt0107818","Philadelphia"
"fm272","Blindness"
"fm1371","Mitfahrgelegenheit"
"640","The Leather Boys"
"462","Fast Times at Ridgemont High"
"fm671","El valle de Gwangi (1969)"
"tt0068182","Aguirre, the Wrath of God"
"fm1916","Taking Lives"
"tt1270798","X-Men: First Class"
"fm432","Conan the barbarian"
"205","Big Business"
"tt0783233","Atonement"
"fm1676","Regreso al Futuro"
"tt1504320","The King's Speech"
"725","The Nutty Professor"
"fm2015","The Fast and Furious"
"tt1458175","The Next Three Days"
"tt0132477","October Sky"
"tt0119116","The Fifth Element"
"tt0099077","Awakenings"
"fm1136","La noite"
"fm980","Immortal Beloved"
"fm1763","Seraphim Falls"
"1079","Waking Ned"
"tt0109830","Forrest Gump"
"tt0347048","Head-On"
"fm597","el dia de la bestia"
"641","Legally Blonde"
"fm358","cartas a julieta"
"tt0385002","Green Street Hooligans"
"372","Day Of The Dead"
"fm811","Fugitive Pieces"
"fm2097","The last song"
"fm2123","The Merchant of Venice"
"tt0175880","Magnolia"
"tt0359950","The Secret Life of Walter Mitty"
"fm1066","Kicks"
"fm738","Fast Girl"
"tt0117951","Trainspotting"
"fm2393","Walkabout"
"293","Carry On Doctor"
"131","Au Revoir Les Enfants"
"tt1345836","The Dark Knight Rises"
"tt0375679","Crash"
"tt0038787","Notorious"
"fm1532","Out of Africa"
"557","I love you, man"
"fm17","11-11-11"
"fm1602","Point Break"
"fm433","Conan the Barbarian (1982"
"tt0092991","Evil Dead II"
"tt0045152","Singin' in the Rain"
"467","Final Analysis"
"fm1289","Magnum, P.I."
"1083","WarGames"
"fm2320","Twister"
"fm1449","Ninja Assassin"
"811","Reality Bites"
"fm1372","moby dick"
"fm273","Blood and chocolate"
"fm1217","Lisbon Story"
"fm513","D?as contados"
"tt0304141","Harry Potter and the Prisoner of Azkaban"
"895","The Servant"
"53","Air Force One"
"tt0087800","A Nightmare on Elm Street"
"730","The Odd Couple"
"fm673","el viento y el leon"
"fm2227","The Unbearable Lightness of Being"
"991","Le Testament d?Orph?e"
"fm1832","soldados de salamina"
"tt0056592","To Kill a Mockingbird"
"fm1678","Rendition"
"fm900","Harry Potter"
"206","The Big Chill"
"fm1919","Tango Libre"
"tt0414993","The Fountain"
"fm179","Arrivano i bersaglieri"
"fm90","Ace Ventura: When Nature Calls"
"993","Texasville"
"207","Big DADDY"
"fm1291","Maid in Manhattan"
"fm905","Have Gun Will Travel"
"fm2394","Walker Payne"
"fm1679","Renegade (2004)"
"fm277","Bloody Marlene"
"897","THE seven YEAR ITCH"
"fm1605","Pol?gono Sur"
"55","airport"
"tt0460989","The Wind That Shakes the Barley"
"fm1374","Moebius"
"197","Bend It Like Beckham"
"fm674","Elegy"
"fm1067","kid blue 1971"
"fm2229","the undefeated"
"tt1210166","Moneyball"
"tt1010048","Slumdog Millionaire"
"294","Carry On ? Don?t lose your head"
"fm598","El diab?lico (1977)"
"fm1920","Tapas"
"132","Austin Powers: International Man Of Mystery"
"815","The Recruit"
"fm434","Conan the Barbarian 2011"
"tt1156398","Zombieland"
"fm813","Funny People"
"tt0088247","The Terminator"
"374","House on Haunted Hill"
"642","The Legend Of Hell House"
"fm739","Fast Times At Ridgemont High"
"tt0087843","Once Upon a Time in America"
"fm924","Highway Patrolman (1991)"
"tt0117500","The Rock"
"fm360","Casanova"
"fm2124","the mexican"
"731","Old School"
"fm19","12 Monkeys"
"fm1834","Solo con tu pareja"
"tt0125664","Man on the Moon"
"tt0106308","Army of Darkness"
"fm2322","two lovers"
"tt0063350","Night of the Living Dead"
"tt0354899","The Science of Sleep"
"tt0372784","Batman Begins"
"fm981","Impact (1949)"
"fm94","Adaptation"
"fm514","d?as de viejo color"
"tt0015648","Battleship Potemkin"
"469","First Knight"
"fm2017","The Final Destination"
"tt0106856","Falling Down"
"fm1218","Liscense to Wed"
"fm1764","S?raphine"
"559","I Want To Live!"
"fm181","As You Like It"
"fm1450","Nip/Tuck"
"tt0085794","The King of Comedy"
"fm1137","La pandilla salvaje"
"tt0107207","In the Name of the Father"
"tt0190332","Crouching Tiger, Hidden Dragon"
"1084","War Horse"
"fm1534","Outlander"
"tt1924396","La migliore offerta"
"tt0055630","Yojimbo"
"tt0134119","The Talented Mr. Ripley"
"fm1293","Major Dundee (1965)"
"tt0332280","The Notebook"
"fm96","After"
"fm599","El dictador"
"fm2400","warden of red rock"
"898","Sex And The City"
"208","The Big Easy"
"fm1535","Owd Bob"
"tt0013442","Nosferatu"
"tt0088258","This Is Spinal Tap"
"tt0389557","Black Book"
"516","The Girl Next Door"
"tt0465551","Notes on a Scandal"
"fm2126","The Missing"
"tt0081283","Ordinary People"
"994","That Touch of Mink"
"fm2230","The Undefeated (1969)"
"fm1068","Kill Bill"
"fm2323","Two weeks notice"
"tt0042876","Rashomon"
"fm1921","Tarantella"
"1085","The War of the Worlds"
"tt0120324","A Simple Plan"
"133","Austin Powers: The Spy Who Shagged Me"
"fm515","Dick and Jane"
"tt0154506","Following"
"fm361","cashback"
"fm1375","Mona Lisa Smile"
"375","The Day The Earth Caught Fire"
"473","Flashdance"
"tt0068473","Deliverance"
"732","Oliver!"
"56","Airport ?75"
"fm1138","La Pasi?n de Cristo"
"tt0087332","Ghostbusters"
"fm814","Furia de Titanes"
"tt0275491","Bad Education"
"tt0455590","The Last King of Scotland"
"645","LETTERS TO JULIET"
"fm1680","Reservation Road"
"fm1451","nixon"
"fm279","blue eyes"
"817","The Red Shoes"
"fm1835","Solo quiero caminar"
"tt0053285","Sleeping Beauty"
"tt0361862","The Machinist"
"fm182","Ashes Of Time Redux"
"fm675","Elite troope"
"tt0154420","The Celebration"
"fm906","Heartbreakers"
"fm1607","Poltergeist 3"
"fm984","In Country"
"fm1765","serendipity"
"560","The Ides Of March"
"295","Carry On Loving"
"tt1403865","True Grit"
"fm20","12 Rounds"
"fm435","Conde Bracula"
"tt0112384","Apollo 13"
"fm663","el traje"
"fm742","Father of Invention"
"fm2018","The Firm"
"fm1219","Little Ashes"
"fm1682","resident evil 3"
"1054","Unbreakable"
"fm1922","tasio (1984)"
"fm183","Assassins"
"tt0105151","The Player"
"901","SHADOWLANDS"
"tt0434409","V for Vendetta"
"fm1608","Popeye"
"tt0407887","The Departed"
"fm2021","the fog"
"fm2128","The net 2.0"
"377","The Dead"
"fm516","die another day"
"tt1139797","Let the Right One In"
"fm601","el embrujo de xangai"
"fm676","Elizabeth: The Golden Age"
"fm2232","The Unforgiven (1960)"
"fm2233","The Uninvited"
"fm743","Faust"
"134","Austin Powers in Goldmember"
"fm2324","u2 (vertigo)"
"tt0115736","Bound"
"tt0093058","Full Metal Jacket"
"fm1836","S?lo se vive una vez Zindagi milegi da dobara"
"tt0032138","The Wizard of Oz"
"474","Flatliners"
"296","Carry On Matron"
"57","Airport ?77"
"tt0150662","Show Me Love"
"tt0092563","Angel Heart"
"tt0094291","Wall Street"
"tt0061852","The Jungle Book"
"fm101","Agallas"
"tt0099348","Dances with Wolves"
"fm1536","P.S. I Love You"
"fm1454","no es pais para viejos"
"tt0044741","Ikiru"
"561","If...."
"fm985","in good company"
"fm2401","Warden of Red Rock (TV 2001)"
"fm1070","King Arthur"
"734","On A Clear Day You Can See Forever"
"fm282","Boiler room"
"fm1294","Malaventura"
"tt0108002","Rudy"
"818","La R?gle Du Jeu"
"fm436","Conquest of the Planet of the Apes"
"fm21","13 going on 30"
"fm1377","Monk Dawson"
"212","Bill & Ted?s Excellent Adventure"
"fm364","Castillos de Cart?n"
"fm1139","la pasion turca"
"tt0072684","Barry Lyndon"
"1004","The Thomas Crown Affair"
"fm815","furia de titanes"
"1087","We Were Soldiers"
"995","Theatre of Blood"
"tt0079522","Manhattan"
"tt0048728","To Catch a Thief"
"fm1766","SERRALLONGA"
"fm1221","Little Red Wagon"
"tt1821549","Nebraska"
"646","Liar Liar"
"fm910","Hemel"
"tt0061578","The Dirty Dozen"
"tt0383028","Synecdoche, New York"
"824","Richard III"
"tt1091191","Lone Survivor"
"fm1378","Montecarlo"
"fm437","Conspiracy Theory"
"739","Orlando"
"tt0077402","Dawn of the Dead"
"tt0112579","The Bridges of Madison County"
"fm1683","Retorno a Hansala"
"475","Fletch"
"fm2325","UHF"
"fm365","Casual Day"
"tt0044079","Strangers on a Train"
"fm283","Boleiros 2"
"378","Dead Again"
"297","Carry On Regardless"
"tt0120903","X-Men"
"tt0133093","The Matrix"
"fm1455","No me pidas que te bese porque te besar?"
"tt0053604","The Apartment"
"fm1390","Mother Teresa"
"fm816","G. I. Joe"
"647","Licence To Kill"
"tt0318462","The Motorcycle Diaries"
"902","Shaft"
"997","There?s Something About Mary"
"tt0097351","Field of Dreams"
"fm2236","the village"
"fm103","agora"
"fm2402","Washington Square"
"fm23","1492"
"fm988","In Time"
"fm1141","La Pimpinela de California (1973)"
"tt2278871","Blue Is the Warmest Color"
"1082","Wanted"
"fm1295","Malena"
"fm185","astronautas"
"fm602","el expreso de medianoche"
"58","The Concorde... Airport ?79"
"fm911","Hero?na"
"fm2129","The New Daughter"
"1088","Went The Day Well?"
"135","Avalon"
"fm1609","por la senda mas dura"
"tt1038988","[Rec]"
"fm1839","sombras en una batalla"
"fm1222","little treasur 1984"
"tt1675192","Take Shelter"
"tt0112471","Before Sunrise"
"tt0408306","Munich"
"fm1923","Taste the Blood of Dracula"
"fm518","Die Herbstzeitlosen"
"tt0363226","The Blind Swordsman: Zatoichi"
"tt0098635","When Harry Met Sally..."
"fm1767","Seven (se7en)"
"fm677","Elling"
"fm1072","King of Texas (TV 2002)"
"tt0054047","The Magnificent Seven"
"562","The Imaginarium Of Dr Parnassus"
"fm745","Feast of love"
"fm2022","The Following"
"fm1537","Pa Negre"
"213","Bill & Ted?s Bogus Journey"
"fm1297","malice"
"tt0054215","Psycho"
"tt0021884","Frankenstein"
"tt0017136","Metropolis"
"fm367","cattle annie and little britches"
"137","The Avengers (Avengers Assemble)"
"fm990","Incompreso"
"fm2023","The Formula"
"fm605","El fondo del mar"
"tt0046359","Stalag 17"
"903","Shakespeare In Love"
"fm2326","Ultimo Bacio"
"476","The Flintstones"
"fm818","G.I. Jane"
"tt0093773","Predator"
"tt1800241","American Hustle"
"298","Carry On Sergeant"
"fm24","1492: Conquest of Paradise (1992)"
"fm1379","Monturiol, el senyor del mar"
"tt0119008","Donnie Brasco"
"tt0101921","Fried Green Tomatoes"
"tt0084726","Star Trek II: The Wrath of Khan"
"fm104","?guila Roja"
"tt0162661","Sleepy Hollow"
"tt0100802","Total Recall"
"740","The Other Boleyn Girl"
"fm1610","Por mis pistolas (1968)"
"fm1142","la poliziotta"
"1089","The Whales Of August"
"tt0414387","Pride & Prejudice"
"fm284","Boleiros: Era Uma Vez o Futebol"
"tt0174856","The Hurricane"
"fm1456","No mires para abajo"
"tt2024544","12 Years a Slave"
"379","Dead men Don?t wear Plaid"
"tt0449467","Babel"
"fm1924","Taxi 2"
"fm1840","somers town"
"fm2237","The Virgin Suicides"
"fm2404","Water"
"998","Thieves Like Us"
"fm1690","revenous"
"tt0117913","A Time to Kill"
"tt0080678","The Elephant Man"
"fm2134","The Nuns Story"
"fm1768","Sevilla conection"
"59","The Alamo"
"fm1520","One Man's Hero (1999)"
"825","Rififi"
"fm438","Constantine"
"216","Billy Liar"
"tt0053125","North by Northwest"
"563","In And Out"
"fm746","Femme Fatale"
"fm1538","Padre Nuestro (1984)"
"fm519","die welle"
"fm186","Asylum"
"fm678","Elo?se"
"tt0376541","Closer"
"tt0083987","Gandhi"
"fm916","Hierro"
"fm1073","Kingdom of Heaven"
"648","The Life and Times of Judge Roy Bean"
"fm1223","Little Treasure (1985)"
"fm25","15 d?as contigo"
"299","Carry On Teacher"
"fm188","Atrapado en el tiempo"
"fm991","Incorregibles"
"fm1224","Lizzie McGuire Movie"
"tt0083658","Blade Runner"
"649","La Vita E Bella (Life Is Beautiful)"
"477","The Fog"
"tt0387131","The Constant Gardener"
"tt1022603","(500) Days of Summer"
"139","L?Avventura"
"62","Alice"
"tt0283509","No Man's Land"
"fm520","Diego de Acevedo (1966) - Serie TV"
"tt0404203","Little Children"
"565","In The Line Of Fire"
"tt0091042","Ferris Bueller's Day Off"
"fm2408","wedding crashers"
"381","Dead Ringers"
"tt0417741","Harry Potter and the Half-Blood Prince"
"fm368","caveman"
"fm106","airplane (aterriza como puedas)"
"tt0446029","Scott Pilgrim vs. the World"
"fm1382","moonlight mile"
"tt0272152","K-PAX"
"828","Risky Business"
"fm286","Bones"
"fm606","el gavilan de la sierra"
"1002","This Boy?s Life"
"fm1143","la prima cosa bella"
"fm919","high school musical 3"
"fm749","Ficci?"
"fm1298","malone"
"tt0087884","Paris, Texas"
"fm2239","the walker"
"1090","What Ever Happened to Baby Jane?"
"fm1074","Kings"
"742","Pacific Heights"
"fm679","Elsker dig for evigt"
"fm210","Bandidas (2006)"
"905","Shame"
"fm2024","The Fourth Protocol"
"tt0454921","The Pursuit of Happyness"
"fm1841","something big"
"fm1611","por un pu?ado de dolares"
"fm2135","The O.C."
"fm1691","Revolucion"
"tt0118971","The Devil's Advocate"
"tt0031679","Mr. Smith Goes to Washington"
"tt0870111","Frost/Nixon"
"fm819","g.i. joe"
"729","Octopussy"
"tt0048424","The Night of the Hunter"
"fm1540","pajarico"
"tt0064665","Midnight Cowboy"
"fm440","Contra Todos"
"tt0108358","Tombstone"
"fm2331","Un Buda"
"fm1771","Sex Drive"
"217","Billy The Kid"
"tt0108399","True Romance"
"605","Kindergarten Cop"
"fm1926","te doy mis ojos"
"fm1457","No quiero perder la honra (1975)"
"141","An Awfully Big Adventure"
"fm288","Boondock Saints"
"fm2332","un cuento chino"
"fm1460","Noite Vazia"
"tt0169102","Lagaan: Once Upon a Time in India"
"fm1541","P?jaros de papel (2010)"
"651","Live And Let Die"
"383","death in venice (Morte a Venezia)"
"tt0464141","The Orphanage"
"tt0107943","The Remains of the Day"
"300","The Cars That Ate Paris"
"tt0338309","Evil"
"tt1542344","127 Hours"
"fm752","Final"
"fm1694","Richie Rich"
"fm2242","The War Wagon (1967)"
"528","Gone In 60 seconds"
"1006","Thor"
"fm993","Independence Day"
"494","The Full Monty"
"1092","What's Love Got to do With It"
"fm920","high tension"
"tt0172495","Gladiator"
"478","Footloose"
"fm1145","La Regenta (1995) - Serie TV"
"fm820","Gamer"
"tt0249462","Billy Elliot"
"743","Pacific rim"
"fm369","Caveman (1981)"
"fm604","El extra?o hijo del Sheriff (1982)"
"tt1659337","The Perks of Being a Wallflower"
"tt1555149","Elite Squad: The Enemy Within"
"fm1612","Portrait of a lady"
"829","A River Runs Through It"
"tt0117802","Swingers"
"fm1843","Something's Gotta Give"
"tt0108394","Three Colors: Blue"
"567","Indiana Jones and the Kingdom of the Crystal Skull"
"fm521","Dikkenek"
"fm107","Alamar"
"fm607","El Gran Lebowski"
"tt0054331","Spartacus"
"fm1225","Llanto por un bandido"
"fm2029","the gamer"
"tt0405159","Million Dollar Baby"
"fm189","Australia"
"908","She Wore a Yellow Ribbon"
"tt0290334","X2"
"63","Alice Doesn't Live Here Anymore"
"fm680","elvis and annabelle"
"fm1299","Mami blue"
"tt0112864","Die Hard: With a Vengeance"
"fm1927","Teo el pelirrojo (1986)"
"fm1384","Moonraker (007)"
"fm1772","Sex, Lies, and Videotape"
"tt0049223","Forbidden Planet"
"218","The Birdcage"
"fm442","Copycat"
"fm1075","Kisses"
"tt0243133","The Man Who Wasn't There"
"fm2409","Weird Science"
"fm26","17 again"
"fm2136","The Offering"
"tt1023114","The Way Back"
"fm1613","Possums"
"304","Catch Us If You Can"
"tt2082197","Barfi!"
"fm822","Garbo, el espia"
"tt0104257","A Few Good Men"
"tt0289043","28 Days Later..."
"tt0319061","Big Fish"
"fm28","1969 [Kiefer Sutherland]"
"fm608","El hombre de arena"
"fm2137","The Office"
"fm2246","The Waterboy"
"tt0064116","Once Upon a Time in the West"
"tt0031381","Gone with the Wind"
"tt0780504","Drive"
"fm1774","Sexy killer"
"tt0083866","E.T. the Extra-Terrestrial"
"fm755","Fire Over Africa (1954)"
"fm1078","Knowing"
"fm1461","norbit"
"fm190","Avanti!"
"tt0053472","Breathless"
"384","Death On The Nile"
"tt0089853","The Purple Rose of Cairo"
"1007","Thor: The Dark World"
"fm681","embrujadas"
"fm2035","The Glory Guys (1965)"
"tt0048545","Rebel Without a Cause"
"64","Alice In Den Stadten (Alice In The Cities)"
"1095","Whistle Down The Wind"
"tt0105695","Unforgiven"
"tt1568346","The Girl with the Dragon Tattoo"
"tt2334649","Fruitvale Station"
"fm1542","Pale Rider"
"tt0109506","The Crow"
"fm110","Albatross"
"fm2411","what a girl wants"
"tt0264616","Frailty"
"tt0993846","The Wolf of Wall Street"
"fm1300","mamma mia"
"911","The Shootist"
"fm921","Higher Ground"
"fm374","chacal"
"fm1844","Son-in-law"
"fm444","Country Strong"
"fm1929","Terminator 2"
"219","Birdman of alcatraz"
"fm1695","Riding in Cars with Boys"
"fm289","Borat"
"744","Paint Your Wagon"
"479","For Your Eyes Only"
"tt0297884","Far from Heaven"
"fm523","dirty dancing"
"fm2333","un dorado de pancho villa"
"tt1201607","Harry Potter and the Deathly Hallows: Part 2"
"tt1182345","Moon"
"fm994","India Song"
"fm1146","La residencia"
"652","The Living Daylights"
"830","The River Wild"
"571","The Innocents"
"142","Babe"
"fm1387","Moscow Zero"
"fm2241","the war wagon"
"fm1226","Lo imposible"
"653","The Living Dead At Manchester Morgu"
"305","Cecil B DeMented"
"fm290","Bordello (1981)"
"tt0113247","La Haine"
"fm824","Genova"
"tt0086960","Beverly Hills Cop"
"tt0017925","The General"
"fm1301","Mamma M?a"
"1008","Three Kings"
"fm1932","Terra Estrangeira"
"fm1147","LA SAYUELA PRIVILEGIO NATURAL"
"tt0816442","The Book Thief"
"tt0327056","Mystic River"
"fm1079","Kramer vs Kramer"
"fm1775","Sexykiller"
"tt0186151","Frequency"
"912","A Shot in the Dark"
"fm995","indiana jones"
"fm2037","the godfather 2"
"fm2334","Un gioco da ragazze"
"tt0119217","Good Will Hunting"
"fm1846","Soul Kitchen"
"fm682","Emden Men"
"tt0125659","Open Your Eyes"
"fm379","charro"
"61","Alfie"
"480","Foreign Correspondent"
"fm1465","Nosotros los decentes (1976)"
"fm527","Divorzio all'italiana"
"fm30","2 Days in Paris"
"tt0043274","Alice in Wonderland"
"574","Intolerance"
"1100","The Wild One"
"tt0379786","Serenity"
"fm2412","What dreams may come"
"fm1614","Powder"
"tt0112573","Braveheart"
"tt0325980","Pirates of the Caribbean: The Curse of the Black Pearl"
"143","Babe: Pig in the City"
"221","Birdy"
"fm1543","Pan's Labyrinth (2006)"
"tt2194499","About Time"
"fm1227","Lo mejor de mi"
"fm2139","The Other Guys"
"fm2435","World War Z"
"fm756","Fireflies in the Garden"
"tt0021814","Dracula"
"tt0396171","Perfume: The Story of a Murderer"
"65","ALICE IN WONDERLAND"
"fm610","El hombre que no amaba a las mujeres"
"tt1683526","Detachment"
"745","Panic Room"
"fm193","ay ay sheriff"
"tt0049730","The Searchers"
"tt0068646","The Godfather"
"fm922","Highlander"
"fm2250","The Wings of the Dove"
"fm111","alexander"
"386","Death Race 2000"
"fm445","Couples Retreat"
"832","Road To Morocco"
"tt0765443","Eastern Promises"
"fm1697","Rire et chatiment"
"fm1391","Motherhood"
"fm1228","Lo que no se perdona"
"575","The Ipcress File"
"fm1544","Pandaemonium"
"fm31","20000 Leagues Under the Sea"
"579","The Italian Job"
"fm2335","un hombre violento"
"fm1080","Kung Fu (David Carradine)"
"746","Panther"
"fm1393","Mr Bean"
"tt0032551","The Grapes of Wrath"
"tt0247586","Nine Queens"
"tt0108122","Short Cuts"
"914","Sid and Nancy"
"fm529","Dj?flaeyjan"
"fm2038","The Golden Child"
"tt0116477","Hamlet"
"223","Black Rain"
"144","Babette's Feast"
"fm1468","Nothing But the Truth"
"fm759","first knight"
"fm825","Gente mala del Norte"
"fm1698","Rivers of babylon"
"fm113","alfredo alfredo"
"fm2251","The wire"
"fm925","Hitch"
"fm1776","Shadowlands"
"306","Cet Obscur Objet du Desir"
"68","Alien3"
"fm1933","Tesis"
"fm381","che 2"
"tt0272338","Punch-Drunk Love"
"203","Big"
"tt0059646","Repulsion"
"tt0120731","La leggenda del pianista sull'oceano"
"fm1148","La Se?ora"
"655","Run Lola Run (Lola Rennt)"
"fm999","Inferno"
"fm2141","The Outsider (1961)"
"481","Forever Young"
"tt0756683","The Man from Earth"
"tt1790885","Zero Dark Thirty"
"tt0052357","Vertigo"
"1013","Thunderball"
"fm683","emma"
"tt0221027","Blow"
"fm1847","Soul Men"
"387","Death Wish"
"tt0119349","The Ice Storm"
"fm940","Hour of the Gun (1967)"
"fm291","Borsalino"
"fm446","Covert Affairs"
"tt1188996","My Name Is Khan"
"tt0090756","Blue Velvet"
"tt2334873","Blue Jasmine"
"fm1302","mamma roma"
"fm196","Babylon AD"
"tt0050986","Wild Strawberries"
"tt0078748","Alien"
"fm2413","what lies beneath"
"834","Road To Singapore"
"fm1615","Power (1986)"
"fm611","El hombre que supo amar"
"1101","WILDE"
"tt0097216","Do the Right Thing"
"tt1170358","The Hobbit: The Desolation of Smaug"
"fm530","Doctor Mateo (serie TV)"
"1102","Wimbledon"
"fm447","cowboy and aliens"
"fm1000","Infierno y Gloria"
"308","Un Chant d?Amour"
"fm1545","Pandora and The Flying Dutchman"
"fm1082","kyle xy"
"fm2336","Un long dimanche de fian?ailles"
"tt0091167","Hannah and Her Sisters"
"390","Demolition Man"
"fm2252","The Wizard"
"tt0217505","Gangs of New York"
"735","On Her Majesty's Secret Service"
"fm33","2012"
"tt0947798","Black Swan"
"747","The Paradine Case"
"fm927","hitte/harara"
"tt0080487","Caddyshack"
"fm830","Get Smart"
"224","Blackmail"
"fm612","el hombre que susurraba a los caballos"
"tt1727388","The Way Way Back"
"tt0032455","Fantasia"
"835","Road Trip"
"tt0072890","Dog Day Afternoon"
"fm1700","robber roots"
"fm292","Bosque de sombras"
"fm1616","Pradolongo"
"tt0059742","The Sound of Music"
"fm1848","Souvenir"
"fm1395","Mr. Klein (1976)"
"tt0112682","The City of Lost Children"
"tt0277027","I Am Sam"
"145","Baby Doll"
"tt0032553","The Great Dictator"
"fm1303","Man from Snowy River"
"1010","The Three Musketeers"
"fm686","En brazos de la mujer madura"
"1014","THX 1138"
"tt0080339","Airplane!"
"fm1150","La Tabla De Flandes (uncovered)"
"fm382","che guerrilla"
"fm1229","Lo spazio bianco"
"fm2414","Whatever Works"
"tt1189340","The Lincoln Lawyer"
"577","Iron Man 2"
"fm2142","The Outsiders"
"fm201","Bad teacher"
"482","Forgetting Sarah Marshall"
"tt0387564","Saw"
"fm760","First Knight (1995)"
"tt2106476","Jagten"
"fm741","Fat Man and Little Boy (1989)"
"fm2040","The Golden Compass"
"fm1778","Shanghai Knights (2003)"
"fm114","Alias"
"tt0093748","Planes, Trains & Automobiles"
"920","Sleepless In Seattle"
"fm1469","Nothing Personal"
"70","All Or Nothing"
"tt1205489","Gran Torino"
"656","The Lonely Passion of Judith Hearne"
"fm1934","Texas Chainsaw Massacre"
"tt0120789","Pleasantville"
"tt0101540","Cape Fear"
"fm449","Coyote Bar"
"fm1702","Robbers' Roost (1955)"
"fm1396","Mr. Magorium's Wonder Emporium"
"fm480","Day of the Evil Gun (1968)"
"tt0813547","The Counterfeiters"
"fm1620","Pr?stamela esta noche"
"fm930","Home Alone 2: Lost In New York"
"fm2253","The Wolfman (2010)"
"fm1546","Pane e tulipani"
"fm2339","Un posto al sole"
"fm1472","novio a la vista"
"fm293","Bossa Nova"
"tt0120382","The Truman Show"
"tt0077416","The Deer Hunter"
"tt0363163","Downfall"
"fm1849","Spanish Movie"
"fm115","Alice et Martin"
"fm1779","Shanghai Noon (2000)"
"tt0100263","La Femme Nikita"
"fm613","El Hundimiento (Der Untergang)"
"fm2143","The Pacific"
"tt0333766","Garden State"
"fm34","21 blackjack"
"fm203","bailando con lobos"
"659","Looking For Eric"
"925","Society"
"fm1083","l'auberge espagnole"
"149","Backbeat"
"fm531","Doctor Who"
"fm2041","The Good German"
"tt0390221","Maria Full of Grace"
"fm687","En Busca de la Felicidad"
"fm1001","inglorious bastards"
"tt1078188","Boy A"
"tt1707386","Les Mis?rables"
"tt0298845","In America"
"fm1230","local hero"
"fm1151","La Teta Asustada"
"tt1263670","Crazy Heart"
"836","Rob Roy"
"392","Desperately Seeking Susan"
"fm1305","Man on wire"
"749","Paris When It Sizzles"
"578","Iron Man 3"
"tt0450259","Blood Diamond"
"225","Blade"
"1103","The Wind in the Willows"
"tt0054997","The Hustler"
"fm2415","When Harry Met Sally"
"fm383","Cheaper By The Dozen 13"
"tt0057115","The Great Escape"
"tt0043265","The African Queen"
"fm832","Ghost Rider 2"
"72","All That Jazz"
"tt0097493","Heathers"
"tt0110912","Pulp Fiction"
"1015","Time After Time"
"fm762","Fisher King"
"fm1935","texas ranger"
"487","The French Lieutenant's Woman"
"tt0090605","Aliens"
"311","Chariots Of Fire"
"fm2050","the great gatsby"
"tt0124315","The Cider House Rules"
"fm384","Chega de Saudade"
"816","Red Dragon"
"tt0094226","The Untouchables"
"fm1234","LOL"
"927","Sophie?s Choice"
"fm116","Alice HBO"
"fm294","Boston Legal"
"fm834","Ghosts Can't do it"
"fm764","fiumi di porpora"
"fm1703","Robin Hood (2010)"
"tt0097441","Glory"
"fm1309","Manolito gafotas"
"fm1152","la vaquilla"
"73","All The King?s Men"
"fm1781","she devil"
"1104","Witchfinder General"
"tt0042192","All About Eve"
"fm688","En busca del fuego"
"fm2145","The Parent Trap"
"fm1399","Mrs. Doubtfire"
"fm204","bajo el sol de la toscana"
"tt0097958","Christmas Vacation"
"tt0109707","Ed Wood"
"fm450","Coyote Ugly ( El bar Coyote)"
"fm536","Domingo Arrieta Revolucionario"
"tt0081398","Raging Bull"
"fm1550","Paris"
"fm614","El imperio del sol"
"tt1490017","The Lego Movie"
"393","Devil In A Blue Dress"
"fm2254","the wonderful country"
"582","Jack Reacher"
"tt0166924","Mulholland Dr."
"312","Charley Varrick"
"fm1473","Now, Voyager"
"fm2416","Whistleblower"
"tt0120689","The Green Mile"
"837","Robin Hood, Prince of Thieves"
"tt0111495","Three Colors: Red"
"750","THE PASSENGER (PROFESSIONE: REPORTER)"
"fm1936","texas rangers"
"tt0047296","On the Waterfront"
"285","Captain America: The First Avenger"
"tt0088323","The NeverEnding Story"
"667","The Lost Weekend"
"fm1344","Miami Vice"
"fm38","27 Dresses"
"fm1085","La bataille de San Sebastian"
"fm1002","Inkheart"
"488","Frenzy"
"tt0095705","The Naked Gun: From the Files of Police Squad!"
"tt0245844","The Count of Monte Cristo"
"fm2341","UN'OTTIMA ANNATA"
"150","Backdraft"
"tt0064115","Butch Cassidy and the Sundance Kid"
"1016","Tinker Tailor Soldier Spy"
"fm932","Hope and Glory"
"fm1621","pretty woman"
"fm1854","spiderman"
"227","The Blair Witch Project"
"tt0067992","Willy Wonka & the Chocolate Factory"
"tt1032755","RocknRolla"
"394","The Devil Rides Out"
"752","Passport to Pimlico"
"fm2051","The Great Gatsby (2013)"
"76","Alpha dog"
"fm1474","now, voyager"
"tt1117385","Felon"
"fm1235","Lola rennt (Run Lola Run)"
"fm2342","Una estrella y dos caf?s"
"tt1570728","Crazy, Stupid, Love."
"fm297","brain candy"
"671","MA NUIT CHEZ MAUD"
"tt0441909","Volver"
"tt0210945","Remember the Titans"
"tt0053291","Some Like It Hot"
"453","Eyes Wide Shut"
"fm39","27 horas"
"fm2255","The Wonderful Country (1959)"
"tt0119229","Grosse Pointe Blank"
"fm451","Cracks"
"fm1003","Innamorato Pazzo"
"fm1310","Manuela"
"1106","Wolf"
"tt0108037","The Sandlot"
"fm1738","Saving Private Perez (2011)"
"fm1937","Texas Rangers (2001)"
"489","Friday The 13th"
"fm933","Horrible Bosses"
"fm2146","The Passenger"
"fm1153","La venganza del rojo"
"fm537","don camillo"
"tt1602620","Amour"
"151","Bad Boys"
"tt0325805","Matchstick Men"
"fm1551","Paris je t'aime"
"fm616","El Internado"
"583","Jack Ryan: Shadow Recruit"
"fm1856","Spooks"
"fm1782","She's The One"
"tt0088846","Brazil"
"1017","The Titfield Thunderbolt"
"fm385","Chico & Rita"
"fm1086","La bruja sin escoba (1967)"
"tt1454468","Gravity"
"fm208","band of brothers"
"841","The Rocky Horror Picture Show"
"928","The Sorcerers"
"fm1707","Rock Sand"
"fm2417","white feather"
"fm1622","Pride and Glory"
"tt0067116","The French Connection"
"229","Blithe Spirit"
"tt0015864","The Gold Rush"
"fm1401","Muerte bajo el sol"
"fm691","En la tiniebla"
"tt0257044","Road to Perdition"
"fm117","Alicia en el pais de Ali"
"fm765","five children and it"
"tt0107048","Groundhog Day"
"tt1535109","Captain Phillips"
"tt0089881","Ran"
"fm836","Giarrettiera Colt"
"313","Charlie's Angels"
"tt0109045","The Adventures of Priscilla, Queen of the Desert"
"tt1649419","The Impossible"
"672","MAcbeth"
"419","The Doors"
"fm300","Bram Stoker's Dracula"
"tt0063462","The Producers"
"fm1476","nueve reinas"
"1020","To Sir, With Love"
"tt1125849","The Wrestler"
"fm1623","Pride and Prejudice"
"fm2147","the passion"
"tt0050825","Paths of Glory"
"fm542","Dorian Gray"
"tt0050976","The Seventh Seal"
"fm618","El Lobo (2004)"
"fm2420","white palace"
"fm1859","Stalingrad"
"fm1087","La Caja (juan carlos falcon)"
"fm1783","Sherlock (BBC serie)"
"932","Species"
"fm766","Five Days From Home"
"fm1312","Marcelino pan y vino"
"fm1552","paris tombuctu"
"fm119","All About Steve"
"490","The Friends Of Eddie Coyle"
"tt0099810","The Hunt for Red October"
"1108","Wolfen"
"fm1708","Rockin' Meera"
"152","Bad Day at Black Rock"
"754","The Pawnbroker"
"fm934","hostage"
"tt0097239","Driving Miss Daisy"
"1086","War of the Worlds"
"tt0104036","The Crying Game"
"fm2258","the wrath of god"
"77","Alphaville"
"314","Charlie's Angels FULL THROTTLE"
"tt0110932","Quiz Show"
"tt0086541","Videodrome"
"230","The Blob"
"842","Rollerball"
"fm109","alatriste"
"fm211","banditi a milano"
"fm452","Crazy About Ya (Zot van A)"
"fm40","28 days later"
"tt1024648","Argo"
"fm1939","That Night in Rio"
"tt0020629","All Quiet on the Western Front"
"tt0091064","The Fly"
"tt0047396","Rear Window"
"fm388","Children of Nature"
"fm1005","Intacto"
"tt0036775","Double Indemnity"
"395","The Devil Wears Prada"
"fm2343","Una palabra tuya"
"tt0032904","The Philadelphia Story"
"tt0034583","Casablanca"
"fm2052","The Great Santini"
"fm837","Gidget Goes to Rome"
"fm1154","La ventana"
"fm1402","Muerte de un ciclista"
"tt0498380","Letters from Iwo Jima"
"585","JAM?N, JAM?N"
"fm1236","Lola: la pel?cula (2007)"
"fm692","en que piensan las mujeres"
"tt0068699","High Plains Drifter"
"fm1860","STAR"
"tt0128445","Rushmore"
"fm935","hostel II"
"935","Spider-Man"
"fm2257","The World is Not Enough (007)"
"fm693","En Tierra Hostil"
"fm41","28 weeks later"
"fm767","Five Minutes of Heaven (cinco minutos de Gloria)"
"tt0074119","All the President's Men"
"tt0025316","It Happened One Night"
"fm1314","maresciallo rocca"
"844","Ronin"
"fm1710","Rocky Balboa"
"tt0301199","Dirty Pretty Things"
"tt0119167","Funny Games"
"tt0409459","Watchmen"
"fm1238","lonesome dove"
"fm2149","The Patriot"
"tt0049366","Invasion of the Body Snatchers"
"1109","the wolfman"
"tt0109424","Chungking Express"
"fm122","All the rivers run"
"fm2344","una pasion singular"
"fm2057","The Hammer"
"588","Johnny Mnemonic"
"tt0349825","Miracle"
"397","The Devil?s Rejects"
"fm304","Breakheart Pass"
"fm1786","shining"
"315","ChaRly"
"fm2260","The X Files, Fight to the future"
"tt0103873","Braindead"
"673","McCabe & Mrs Miller"
"fm1006","intacto"
"fm1477","Nunca pasa nada"
"1021","Tom Brown's Schooldays"
"tt0907657","Once"
"fm1553","Parpados Azules (Blue Eyelids)"
"fm1940","The 3 Worlds of Gulliver (1960)"
"741","Outbreak"
"tt0033563","Dumbo"
"fm212","Bang Boom Bang"
"fm1403","muerte en venecia"
"tt0421715","The Curious Case of Benjamin Button"
"tt0095159","A Fish Called Wanda"
"755","Pearl Harbor"
"fm453","Creation"
"fm1088","la caja kovac"
"tt0381061","Casino Royale"
"fm1157","La vida es bella"
"78","Altered States"
"fm2421","white pop jesus"
"fm619","el lugar"
"fm1624","Prime"
"231","Blonde Bombshell"
"tt0410097","Hustle & Flow"
"155","Bad Taste"
"tt0077651","Halloween"
"491","Friends With Benefits"
"fm543","Dorothy Mills"
"fm839","girl with a pearl earring"
"tt0388795","Brokeback Mountain"
"fm390","chisum"
"tt0936501","Taken"
"fm2422","Whiteout"
"fm768","Flags Of Our Fathers"
"fm2261","Thelma and Louise"
"fm1864","star wars - episode II"
"fm620","El Maquinista"
"fm1239","Loosies"
"674","MacKenna?s Gold"
"tt0169547","American Beauty"
"fm1158","La vil seducci?n (1968)"
"tt0071360","The Conversation"
"fm1478","nuovo cinema paradiso"
"316","Le Charme Discret de la Bourgeoisie (The Discreet Charm of the Bourgeoisie)"
"tt0120655","Dogma"
"fm42","32A"
"tt0119177","Gattaca"
"845","Room At The Top"
"fm2391","Wagons East (1994)"
"fm2150","The Peep Show"
"tt0101889","The Fisher King"
"fm1007","Interview with the Vampire"
"fm1090","La casa dalle finestre che ridono"
"tt0289879","The Butterfly Effect"
"fm937","Hot Snake"
"tt0055031","Judgment at Nuremberg"
"264","Brideshead Revisited"
"156","BAD TIMING"
"fm547","Dr. Cook's Garden - 1971"
"fm391","Chisum (1970)"
"fm213","Barcelona (Whit Stillman)"
"fm123","All You Need is Love"
"fm1404","Mujeres al borde de un ataque de nervios"
"tt0091217","Hoosiers"
"tt0120863","The Thin Red Line"
"fm456","Crossing Over"
"fm1787","Shoot 'Em Up"
"232","The Blood On Satan?s Claw (Satan?s Skin)"
"398","Diamonds Are Forever"
"937","Spider-Man 3"
"tt0074486","Eraserhead"
"1022","Tom JONEs"
"tt0105236","Reservoir Dogs"
"tt1285016","The Social Network"
"fm305","Breaking and entering"
"6","21"
"756","Pee-Wee?s Big Adventure"
"tt0055614","West Side Story"
"1110","The Wolverine"
"tt0051459","Cat on a Hot Tin Roof"
"fm1315","Margin Call"
"80","Les Amants (The Lovers)"
"fm2059","The Hangover Part II"
"fm1625","Primos"
"fm1712","romancing the stone"
"tt1318514","Rise of the Planet of the Apes"
"fm2345","Una rosa de Francia"
"tt0404030","Everything Is Illuminated"
"540","Grease"
"tt0112641","Casino"
"fm840","Girl, Interrupted"
"589","Jumanji"
"fm1555","Pasos"
"fm1941","The 4 Horsemen of the Apocalypse"
"492","From Dusk Till Dawn"
"fm695","Encuentros en la tercera fase"
"fm2262","There Be Dragons"
"fm392","Chloe"
"495","Funny Face"
"fm1161","Lady hawke"
"8","21 Jump Street"
"tt0067185","Harold and Maude"
"fm1788","shootout in a one dog town"
"fm696","End Game"
"fm1626","Prison Break"
"tt0070511","Papillon"
"fm215","Barney's Version"
"938","Spy Game"
"1023","TomMY"
"fm548","Dr. NO"
"fm1714","Romeo + Juliet"
"fm2348","Uncle Buck"
"fm1943","The Adjustment Bureau"
"tt0114388","Sense and Sensibility"
"fm1556","Pat Garrett"
"tt1433811","Disconnect"
"fm126","alondra"
"fm306","Breaking Bad"
"fm938","H?tel des Am?riques"
"234","Blow Out"
"fm2151","The perfect game"
"tt0113277","Heat"
"fm2423","who' ll stop the rin"
"tt0040897","The Treasure of the Sierra Madre"
"fm769","flash forward"
"590","Jungle Fever"
"846","A Room With a View"
"tt0097202","The Killer"
"1111","Women In Love"
"657","The Long Good Friday"
"318","Chicago"
"tt0071562","The Godfather: Part II"
"tt0045793","From Here to Eternity"
"fm44","4 months 3 weeks & 2 days"
"fm1240","Lorca Muerte de un poeta"
"675","Mad Max"
"fm1316","Marie Antoinette"
"fm1865","star wars - episode v"
"tt0057076","From Russia with Love"
"tt0289992","The Life of David Gale"
"tt0029843","The Adventures of Robin Hood"
"fm458","CSI Miami"
"159","The Ballad Of Cable Hogue"
"tt0064276","Easy Rider"
"fm621","El misterio de Elche"
"81","Les Amants du Pont Neuf"
"fm1479","Nurse 3D"
"fm1405","mulholland drive"
"tt1131729","Pirate Radio"
"933","Speed"
"fm841","Giuseppe Moscati"
"fm1014","iron man 3"
"tt0067328","The Last Picture Show"
"757","Peeping Tom"
"fm2060","the happening"
"tt0062765","Bullitt"
"399","Diarios de Motocicleta      (The Motorcycle Diaries)"
"fm1282","Macho Callahan (1970)"
"tt2431286","Philomena"
"fm1091","La casa grande (1975)"
"tt1979320","Rush"
"fm1715","ronin"
"fm1789","Shortbus"
"592","The Lost World: Jurassic Park"
"fm941","House M. D."
"fm2152","The Perfect Man"
"fm217","Basic Instinct 2"
"83","Amateur"
"fm2269","Thick as Thieves (The Code)"
"fm308","Bridge of San Luis Rey"
"319","Children of the Damned"
"fm846","goal"
"fm2424","Wild America"
"677","Mad Max Beyond thunderdome"
"fm622","El mundo es nuestro"
"fm2064","The Hitchhiker's Guide to the Galaxy"
"fm1015","isi disi"
"fm1092","La celestina"
"tt0066206","Patton"
"tt0330373","Harry Potter and the Goblet of Fire"
"10","Three men and a baby"
"tt1655442","The Artist"
"fm2349","under fire"
"fm46","42plus"
"fm127","Alondra (TV Series 1995)"
"fm1163","land and freedom"
"fm1406","mummy returns"
"fm459","Cuando todo est? en orden"
"849","The Ruling Class"
"fm2197","The Sons of Katie Elder (1965"
"160","Bande ? Part"
"tt0162222","Cast Away"
"tt0069704","American Graffiti"
"fm1949","The Amazing Race"
"fm770","flash gordon"
"tt0117631","Shine"
"tt0036613","Arsenic and Old Lace"
"fm1627","Privilege (1967)"
"fm549","Drag Me to Hell"
"1113","Working Girl"
"tt0075784","A Bridge Too Far"
"tt0097576","Indiana Jones and the Last Crusade"
"181","Bedazzled"
"tt0299977","Ying xiong"
"758","Performance"
"fm1559","pat garrett billy the kid"
"fm1480","Nymphomaniac"
"tt0116209","The English Patient"
"tt0107554","Menace II Society"
"fm1866","Star Wars Episode III: Revenge of the Sith"
"tt0090329","Witness"
"fm1317","Marley and Me"
"fm1243","Los 2 lados de la cama"
"1024","Tomorrow Never Dies"
"tt0130827","Run Lola Run"
"237","The Blue Lamp"
"496","Galaxy Quest"
"tt0070666","Serpico"
"939","Spy Kids"
"tt0058150","Goldfinger"
"fm393","chocolat"
"542","The Green Hornet"
"400","Die Another Day"
"fm697","Endhiran (Tamil)"
"fm942","House of Wax"
"fm1318","Marmaduke"
"fm2425","wild hogs"
"tt0082010","An American Werewolf in London"
"fm1717","rose red"
"84","The Amazing Colossal Man"
"tt1229822","Jane Eyre"
"fm1867","Star Wars LA PELICULA"
"fm2066","The horsemen"
"fm128","along came polly"
"678","The Madness of King George"
"tt0111507","Three Colors: White"
"593","Kalifornia"
"fm1093","La cera virgen"
"fm1408","Murder in the First"
"fm550","Dragonball Evolution"
"161","Barabbas"
"fm758","Firewalker (1986)"
"tt0075148","Rocky"
"320","Child?s Play"
"tt0452623","Gone Baby Gone"
"760","Phantasm"
"fm1790","Shorts"
"1028","The Towering Inferno"
"tt0120815","Saving Private Ryan"
"fm1016","ispansis"
"fm1164","Land of the Blind"
"tt0095647","Mississippi Burning"
"tt1305806","The Secret in Their Eyes"
"tt0970179","Hugo"
"tt0857191","The Visitor"
"fm1630","Prozac Nation"
"tt1120985","Blue Valentine"
"850","Run Fatboy Run"
"fm460","cuchillo1977"
"fm1481","O"
"fm624","El noct?mbulo"
"fm2154","the pledge"
"1114","The World Is Not Enough"
"tt0808357","Lust, Caution"
"tt0071315","Chinatown"
"tt2053425","Rust and Bone"
"241","The Bodyguard"
"fm848","goin south"
"fm47","5 Card Stud (1968)"
"tt0029947","Bringing Up Baby"
"497","Gallipoli"
"fm309","Bridget Jones diary"
"tt0477348","No Country for Old Men"
"11","Three Men and a Little Lady"
"940","Spy Kids 2: Island Of Lost Dreams"
"fm2350","under the tuscan sun"
"fm218","Basquiat"
"403","Diner"
"fm1244","Los abrazos rotos"
"fm2270","This Is It"
"fm1950","The amazing Spiderman 2"
"fm394","Christiane F. - Wir Kinder vom Bahnhof Zoo"
"fm1560","Patagonia"
"tt0104684","Hard Boiled"
"fm698","Enemigo mio"
"fm771","Flightplan"
"tt0117731","Star Trek: First Contact"
"613","Knight and Day"
"tt0114746","Twelve Monkeys"
"fm1791","Shouf shouf habibi!"
"fm2271","Three Times (Hou Hsiao Hsien)"
"596","Kentucky Fried Movie"
"tt0093870","RoboCop"
"tt0274558","The Hours"
"fm221","Batman forever"
"fm1245","los amantes del circulo polar"
"tt0408236","Sweeney Todd: The Demon Barber of Fleet Street"
"fm849","Goin' South (1978)"
"851","Rush Hour"
"tt0060196","The Good, the Bad and the Ugly"
"500","Gangster No.1"
"fm1868","Star Wars: Episode IV - A New Hope (1977)"
"1034","Trance"
"fm130","Amanece que no es poco"
"tt0054953","The Guns of Navarone"
"fm310","Bring me the head of Alfredo Garcia"
"322","Chitty Chitty Bang Bang"
"405","Dirty mary crazy Larry"
"tt0080684","Star Wars: Episode V - The Empire Strikes Back"
"tt0462322","Grindhouse"
"tt1748122","Moonrise Kingdom"
"fm1165","Lara Croft Tomb Raider"
"fm1482","O Ano em que Meus Pais Sairam de Ferias"
"681","Mamma Mia!"
"941","Spy Kids 3: Game Over"
"fm700","enemy of the state"
"fm563","Eagle's Wing (1979)"
"fm1409","Music Box"
"fm1718","Rumblefish"
"tt1242422","Celda 211"
"tt0338751","The Aviator"
"tt0425112","Hot Fuzz"
"fm2351","Undertow"
"fm773","Flores Negras"
"fm2067","The Hot Rock"
"tt0108052","Schindler's List"
"fm48","50 First Dates"
"fm395","Chromophobia"
"fm2426","Wild Target"
"fm554","Du bist nicht allein"
"162","Barefoot in the Park"
"fm1320","Martyrs"
"fm2156","The Prince and Me"
"fm1632","Psycho 3"
"tt0443272","Lincoln"
"fm1094","La chica de ayer"
"fm1561","Patterson-Gimlin Bigfoot Footage"
"tt1291584","Warrior"
"tt0056217","The Man Who Shot Liberty Valance"
"fm1019","It's complicated"
"85","The Amazing Spider Man"
"242","Boiler Room"
"fm461","Cu?ntame como paso - Serie TV"
"fm943","how do you know"
"tt0022913","Freaks"
"12","The 40-Year-Old Virgin"
"tt0379725","Capote"
"761","Phantom Of The Paradise"
"39","The Adventures of Baron Munchausen"
"1115","World war Z"
"fm627","el orfanato"
"fm1951","The American"
"fm2069","The House of the spirits"
"fm2427","Wild Wild West"
"tt0450188","La Vie en Rose"
"fm1793","Si! Se?or"
"597","Kes"
"165","Basic Instinct"
"fm398","Cidade de Deus"
"fm1322","Matrix"
"tt0373889","Harry Potter and the Order of the Phoenix"
"tt0099674","The Godfather: Part III"
"762","The Phenix City Story"
"fm701","enigma"
"tt1899353","The Raid: Redemption"
"fm1870","Starman"
"fm1167","Las chicas de la Cruz Roja"
"fm2353","Union Pacific"
"14","A Bout de Souffle (Breathless)"
"tt0080455","The Blues Brothers"
"942","The SPY WHO LOVED ME"
"407","Dirty Rotten Scoundrels"
"fm1955","The Back-Up Plan"
"243","The Bonfire of the vanities"
"tt1250777","Kick-Ass"
"1070","Vicky Cristina Barcelona"
"fm944","How I Got Lost"
"fm1096","La conjura del EScorial"
"fm496","Der Himmel ?ber Berlin"
"fm2272","Thunderball 007"
"fm311","brooklyn rules"
"fm1410","My Blueberry Nights"
"fm131","Amanecer en Puerta Oscura"
"tt0100157","Misery"
"tt0824747","Changeling"
"fm1021","JACQUOU LE CROQUANT"
"tt0049406","The Killing"
"fm463","Curse of the Demon"
"fm628","el origen del planeta de los simios"
"fm557","Duel"
"tt0030341","The Lady Vanishes"
"fm1563","pau i el seu germ?"
"86","Am?lie (Le Fabuleux Destin d'Am?lie Poulain)"
"853","S.W.A.T."
"fm223","BBC Lost Kingdoms of Africa - The Zulu"
"tt0218839","Best in Show"
"tt1174732","An Education"
"tt0061418","Bonnie and Clyde"
"tt0486655","Stardust"
"1036","Trapeze"
"tt0311113","Master and Commander: The Far Side of the World"
"1116","The World?s End"
"tt0063522","Rosemary's Baby"
"fm774","florido pensil"
"fm850","goldeneye (007)"
"324","The Chronicles of narnia: The Lion, The Witch And The Wardrobe"
"fm1246","Los Cronocrimenes"
"682","A Man For All Seasons"
"fm1483","O Bandido da Luz Vermelha"
"fm1720","Rush Hour 3"
"tt0101410","Barton Fink"
"fm2164","The Quick And The Dead"
"501","Il Giardino Dei Finzi-Contini (The Garden Of The Finzi-Continis)"
"fm1633","Public Enemies"
"fm49","500 Days of Summer"
"tt1798709","Her"
"fm1022","James Bond: Goldfinger"
"fm2354","Unknown"
"683","Man Of Steel"
"fm1872","State of Play (La sombra del poder)"
"fm945","How I Met Your Mother"
"1097","The Wicked Lady"
"tt0914798","The Boy in the Striped Pajamas"
"fm1795","Siempre a tu lado (Hachiko)"
"fm1324","Me and Orson Welles"
"fm1634","Pueblo de Madera"
"tt0369702","The Sea Inside"
"fm1411","my fake fiance"
"fm703","Ensaio Sobre a Cegueira"
"fm2273","Thunderbolt and Lightfoot"
"fm1100","La cuarta guerra de los ni?os (Parch?s)"
"408","Diva"
"fm629","el padrino"
"tt0338013","Eternal Sunshine of the Spotless Mind"
"tt0420223","Stranger Than Fiction"
"166","BASKET CASE"
"tt0138704","Pi"
"325","The Chronicles of narnia: Prince Caspian"
"fm51","7 mesas de billar franc?s"
"tt0096895","Batman"
"15","A.I. ? Artificial Intelligence"
"764","Phone Booth"
"fm1168","las dos orillas"
"fm2167","the red shoes"
"tt0127536","Elizabeth"
"fm1484","O Beijo da Mulher Aranha"
"245","Boom"
"fm313","Bruc"
"fm464","D.C. Cab"
"tt0095765","Cinema Paradiso"
"fm1564","pawer"
"tt1465522","Tucker & Dale vs. Evil"
"tt0094721","Beetlejuice"
"fm399","Cidade dos Homens"
"88","American Gigolo"
"943","Stage Fright"
"504","The Leopard (Il Gattopardo)"
"fm224","bear's kiss"
"tt0241527","Harry Potter and the Sorcerer's Stone"
"854","Sabotage"
"601","Kill Me Again"
"fm2073","The Imaginarium of Doctor Parnassus"
"fm1956","The bad Lieutenant"
"fm851","gomorra"
"fm1948","The Alamo (2004)"
"tt0180073","Quills"
"tt0036868","The Best Years of Our Lives"
"fm2428","Wings"
"tt0088847","The Breakfast Club"
"tt0446059","Fearless"
"fm558","Dumb and Dumber"
"1117","Wuthering Heights"
"fm132","Amanh? Nunca Mais"
"fm1721","RV"
"tt0758758","Into the Wild"
"fm1247","los duendes de Andalucia"
"1038","The Tree Of Life"
"tt0082971","Raiders of the Lost Ark"
"fm775","Flying down to Rio"
"411","Doctor Dolittle"
"tt0887912","The Hurt Locker"
"tt0106307","Arizona Dream"
"tt0093822","Raising Arizona"
"1118","The X-Files"
"168","Batman & Robin"
"fm2430","winnetou ou le mescalero"
"fm2074","The Imaginarium of Dr Parnassus"
"tt0033467","Citizen Kane"
"tt0069293","Solaris"
"fm1635","Pueblo de madera (1990)"
"tt0087553","The Killing Fields"
"fm1325","Me, myself & Irene"
"tt0102536","Night on Earth"
"fm318","buffalo soldiers"
"fm777","For Richer Or Poorer"
"tt0093191","Wings of Desire"
"326","The Chronicles of narnia: The Voyage Of The Dawn Treader"
"fm947","How To Lose Friends..."
"16","A Propos de Nice"
"946","A Star Is Born"
"fm2205","The Sweetest Thing"
"fm1957","The beach"
"fm559","duplicity"
"fm2277","tinker tailor soldier spy"
"505","Genevieve"
"tt0038650","It's a Wonderful Life"
"fm465","Da Vinci Code"
"fm1023","Jam?n Jam?n"
"fm2169","the return of a man called horse"
"tt0056193","Lolita"
"fm1723","Sahara"
"fm225","BEAU GESTE"
"fm2355","Uno para la horca (1974)"
"93","American Wedding"
"tt0265666","The Royal Tenenbaums"
"855","Saboteur"
"tt0848228","The Avengers"
"tt0258463","The Bourne Identity"
"507","Get Carter"
"247","Born On The Fourth Of July"
"1039","TrOY"
"fm853","Good Morning, Vietnam"
"fm1875","Stepmom"
"tt0046911","Diabolique"
"765","Picnic At Hanging Rock"
"fm1412","My Life"
"fm1248","los girasoles ciegos"
"tt0401792","Sin City"
"fm401","Cinderella Story"
"fm1101","la cucaracha"
"fm1565","Pearl Harbour"
"tt0137523","Fight Club"
"fm1169","Las Gemelas (1963)"
"684","THE MAN WHO FELL TO EARTH"
"fm705","Entrapment"
"fm137","Amen"
"602","Killer Klowns from Outer Space"
"fm1796","siete almas"
"tt0213847","Mal?na"
"tt0069762","Badlands"
"fm634","El P?jaro de la Felicidad"
"tt0238380","Equilibrium"
"fm52","7 minutos"
"fm1485","O Cheiro do Ralo"
